-- phpMyAdmin SQL Dump
-- version 5.2.0
-- https://www.phpmyadmin.net/
--
-- Servidor: 127.0.0.1:3306
-- Tiempo de generación: 30-05-2024 a las 10:55:38
-- Versión del servidor: 8.0.31
-- Versión de PHP: 8.2.0

SET SQL_MODE = "NO_AUTO_VALUE_ON_ZERO";
START TRANSACTION;
SET time_zone = "+00:00";


/*!40101 SET @OLD_CHARACTER_SET_CLIENT=@@CHARACTER_SET_CLIENT */;
/*!40101 SET @OLD_CHARACTER_SET_RESULTS=@@CHARACTER_SET_RESULTS */;
/*!40101 SET @OLD_COLLATION_CONNECTION=@@COLLATION_CONNECTION */;
/*!40101 SET NAMES utf8mb4 */;

--
-- Base de datos: `u756746073_politecnico`
--

-- --------------------------------------------------------

--
-- Estructura de tabla para la tabla `alumno`
--

DROP TABLE IF EXISTS `alumno`;
CREATE TABLE IF NOT EXISTS `alumno` (
  `idAlumno` int DEFAULT NULL,
  `nombre_alumno` varchar(90) DEFAULT NULL,
  `apellido_alumno` varchar(90) DEFAULT NULL,
  `dni_alumno` varchar(45) DEFAULT NULL,
  `legajo` int NOT NULL,
  `Trabaja_Horario` varchar(100) DEFAULT NULL,
  `edad` int DEFAULT NULL,
  `observaciones` varchar(60) DEFAULT NULL,
  `celular` varchar(45) DEFAULT NULL,
  `estado` int NOT NULL,
  PRIMARY KEY (`legajo`)
) ENGINE=InnoDB DEFAULT CHARSET=utf8mb3;

--
-- Volcado de datos para la tabla `alumno`
--

INSERT INTO `alumno` (`idAlumno`, `nombre_alumno`, `apellido_alumno`, `dni_alumno`, `legajo`, `Trabaja_Horario`, `edad`, `observaciones`, `celular`, `estado`) VALUES
(NULL, 'Roberto Carlos', 'Burgos', '26562500', 1, 'Militar 06hs-17hs', 45, '-', '3764196606', 1),
(NULL, 'Rosa Carolina ', 'Meza ', '32435416', 2, 'No', 37, '-', '33', 2),
(NULL, 'Mariana Itati ', 'Lopez ', '32435611', 3, 'Administrativo P. J. - 6:30 a 12:30 hs', 37, '1 Foto 4x4', '33', 1),
(NULL, 'Maria De Los Angeles', 'Couto ', '41273818', 7, 'Caps Belen - Personal de Salud - 6 a 12 hs ', 0, 'NO PAGO', '33', 1),
(NULL, 'Mercedes Vanesa', 'Solano ', '30165273', 8, 'Empleada Municipal - 7 a 12 hs', 40, 'Retiro de libreta', '33', 1),
(NULL, ' Telma Cintia', 'Spíguel Piedrabuena', '29670014', 9, 'Aux de limpieza - 7:30 a 12 hs ', 41, 'Retiro de boletin', '33', 1),
(NULL, 'Marcia Belén ', 'Fernández', '34756980', 10, 'No', 0, 'Retiro Libreta', '3764883136', 1),
(NULL, 'Fátima Carolina', 'Aguirre', '40343848', 13, 'No', 0, '-', '3764729995', 1),
(NULL, 'Federico Rubén ', 'Arroyo ', '36466639', 14, 'Chofer de ambulancia ', 28, '-', '33', 1),
(NULL, 'Antonia Noemí ', 'Davalos ', '31759441', 17, 'Ama de casa', 38, 'retiro de boletin', '33', 1),
(NULL, 'Daniela Elizabeth', 'Silva ', '33721347', 18, 'Empleada - 5:30 a 8:30', 0, '-', '3764574165', 1),
(NULL, 'Delia', 'Brizuela ', '24974439', 19, 'Servicio doméstico - por la mañana', 0, '-', '3764173644', 1),
(NULL, 'Marcelino Ezequiel', 'Pinto ', '37972353', 21, 'changarin', 30, 'Retiro de Boletin', '33', 2),
(NULL, 'Mirian Susana ', 'Alvarez ', '42514815', 22, 'No', 32, 'Retiro de boletin', '33', 1),
(NULL, 'Leandro Rubén', 'Almirón ', '32560276', 24, 'Agente Sanitario - 6:30 a 12:30 hs', 0, 'Falta pagar', '33', 2),
(NULL, 'Marina Daniela Soledad', 'Arias', '30369712', 25, 'Empleada doméstica - mañana y tarde', 40, '-', '33', 1),
(NULL, 'Lisa Pamela', 'Faviero ', '38380712', 26, 'Maestra integradora - TM: 7 a 11 y TT: 13 a 21', 29, '-', '33', 1),
(NULL, 'Rosana Elizabeth', 'Rotela Brittos ', '95182915', 27, 'Delegación Municipal - 15 a 18 hs', 0, 'retiro libreta', '3764716591', 1),
(NULL, 'Roberto Maximiliano', 'Carballo ', '34829049', 28, 'Comerciante - 6 a 15 hs', 34, 'retiro boletin', '33', 1),
(NULL, 'Andrés Martín', 'Delgado ', '32915042', 29, 'Empleado Público - Media jornada', 37, 'Falta pagar', '33', 1),
(NULL, ' Kiarema Maribel', 'Saldias Sanz', '35696210', 30, 'Home Office', 32, '-', '33', 1),
(NULL, 'Carla Daiana', 'Boschetti ', '37718903', 32, 'Empleada doméstica - 8 a 14 hs ', 30, 'Retiro de boletin ', '33', 2),
(NULL, 'Rocio Macarena', 'Román ', '39221999', 33, 'No', 0, 'RETIRO LIBRETA', '33', 1),
(NULL, 'Laura Ines', 'Lewinstzki ', '29210661', 34, 'Empleada doméstica - 7:30 a 15 hs', 41, 'verificar documento - Aparece otro nombre con el LUA', '33', 1),
(NULL, 'Veronica Gisel ', 'González ', '34362945', 36, 'Empleado MSP - Rotativos', 34, '-', '33', 2),
(NULL, 'Yesica Noemi', 'Trinidad ', '36410951', 37, 'Empleada domestica - Mañana', 0, '-', '33', 1),
(NULL, 'Elsa Romina Rita', 'Palma ', '34140565', 38, 'Presta servicio en Caps - 7 a 13 hs', 0, 'NO PAGO', '3765176420', 2),
(NULL, 'Adolfo Nicolás', 'Mendoza ', '34366604', 39, 'Vendedor - 7:30 a 15:30 hs', 34, '-', '33', 1),
(NULL, 'Guillermo Javier ', 'Martinez ', '31570984', 41, 'Marino Mercante - por temporadas', 28, 'retiro boletin', '33', 1),
(NULL, 'Adriana Patricia ', 'Alarcón ', '34449892', 42, 'Empleado Público - 15 a 19 hs', 0, '-', '33', 1),
(NULL, 'Fernando', 'Vera ', '44880803', 44, 'No', 20, '-', '33', 2),
(NULL, 'Rosa Noemi', 'Vieira', '39.043.497', 45, 'Diseñadora de moda', 29, 'Falta Fotos. Retoma el cursado por eso el numero de legajo', '3764-180106', 1),
(NULL, 'Emilce Juliana', 'Tabarez ', '42515717', 46, 'No', 23, 'Falta pagar 2000 / Retiro de boletin', '33', 1),
(NULL, 'Daniela Antonia ', 'Dominguez ', '40199287', 47, 'No', 0, 'FALTA PAGAR', '3764155254', 1),
(NULL, 'Miranda Agustina Lucena ', 'Calderon ', '46083893', 48, 'No', 19, 'Retiro boletin / Pagar', '33', 1),
(NULL, 'Carolina Pamela', 'Cabral ', '34161172', 49, 'No', 34, 'retiro boletin', '33', 1),
(NULL, 'Raúl ', 'Arriola ', '25169335', 50, '25.169.335', 47, '-', '33', 2),
(NULL, 'Rocio Soledad', 'Echeverria ', '34450281', 52, 'Servicio de Hotelería - Mucama - Rotativos', 34, 'Retiro de boletin ', '33', 1),
(NULL, 'Evelin Elizabeth ', 'Perick ', '44951018', 53, 'No', 20, 'Retiro de boletin', '33', 2),
(NULL, 'Ernestina Abril', 'Galarza ', '44528703', 54, 'Soldado - Horario Rotativo ', 21, 'Retiro boletin', '33', 1),
(NULL, 'María del Carmen', 'Quintana ', '34423459', 55, 'Vendedor - 21 a 01 hs', 36, '-', '33', 2),
(NULL, 'Nair Rocío Belén', 'Andruszyszyn', '36411835', 56, 'Empleada domestica ', 0, '-', '3764725672', 1),
(NULL, 'Alejandro Maximiliano', 'Ortíz ', '46390441', 57, 'No', 18, 'Falta título', '33', 2),
(NULL, ' Leonardo Alejandro', 'Negro Montiel', '45843379', 58, 'No', 19, 'Falta título', '33', 1),
(NULL, 'Daniela Del Carmen', 'González ', '39705377', 60, 'Empleada doméstica - Mar. y Juev. 8 a 12 hs ', 0, 'Retiro boletin / NO PAGO ', '33', 1),
(NULL, 'Irma Micaela', 'Quintana ', '37158306', 61, 'No', 30, 'Retiro de boletin', '33', 1),
(NULL, ' Alejandro Nicasio', 'Gómez Nuñez', '34112351', 63, 'Policia - Rotativo', 34, '-', '33', 1),
(NULL, 'Gabriela Viviana', 'Balbuena ', '24143500', 64, 'Peluquera Canina', 50, '-', '33', 1),
(NULL, 'Lucia Del Carmen ', 'Sienra', '33076558', 65, 'No', 0, 'Falta pagar y no termino la secundaria', '3765135377', 1),
(NULL, 'Alberto Manuel ', 'Gomez ', '24932193', 66, 'Secretario adm. ', 0, '-', '3764737062', 1),
(NULL, 'Juan Carlos', 'Nuñez ', '31573443', 67, 'No', 0, 'Falta pagar', '3764378667', 1),
(NULL, 'Maria Fermina', 'Rios ', '40335885', 68, 'Acompañante de un anciano - Dom por la noche', 30, 'Retiro de boletin', '33', 1),
(NULL, 'Marisel Elisabeth Del Milagro', 'Caceres ', '31181774', 69, 'Empleada Municipal - 7 a 13 hs', 0, 'retiro libreta Falta pagar', '3764342120', 1),
(NULL, 'Margarita de los Angeles ', 'Ocampo ', '33727290', 70, 'No', 0, 'Falta Título y CUIL , NO PAGO', '33', 1),
(NULL, 'Analia Beatriz ', 'Rodriguez ', '40926570', 71, 'No', 0, '-', '33', 2),
(NULL, ' Yanina Guadalupe ', 'Da Silva', '33727297', 72, 'Acompañante terapéutico - 7 a 13 hs', 35, 'Retiro de boletin', '33', 1),
(NULL, 'Nair Marianela', 'Araujo ', '46479939', 73, 'No', 18, 'Falta titulo', '33', 1),
(NULL, 'Mara Elizabet', 'Galeano ', '28739969', 74, 'Cuidado Adulto Mayor - 8 a 11 hs', 0, 'NO PAGO', '33', 1),
(NULL, 'Andrea Carolina', 'Ruiz Diaz ', '43831534', 75, 'Cuidado de Niños - Mañana y tarde', 22, 'Alumna en transito Retoma cursado', '33', 2),
(NULL, 'Karen Fabiana', 'Acosta', '40897592', 78, 'Comerciante - Rotativo', 26, 'retiro boletin', '33', 1),
(NULL, 'María Marta', 'Servín ', '35014749', 80, 'No', 0, '-', '3764326735', 1),
(NULL, ' Beatriz Ailen', 'Davalo Rey', '39043718', 82, 'Comerciante - 8 a 12 h', 28, '-', '33', 1),
(NULL, 'Nelida Raquel', 'Maidana ', '40415200', 83, 'AT - Por la mañana ', 35, '-', '33', 1),
(NULL, 'Celia Elvia', 'Paredes ', '39045019', 84, 'Cuidadora de personas', 38, '-', '33', 1),
(NULL, 'Nancy Elizabet ', 'Ledezma ', '36317774', 85, 'AT - 8 a 18 hs', 32, '-', '33', 1),
(NULL, 'Maria Magdalena', 'Caniza ', '22085292', 87, 'AT - 13 a 20 hs', 52, '-', '33', 1),
(NULL, 'Carolina', 'Castillo ', '32189226', 88, 'Enfermera - AT - Mañana y tarde', 37, '-', '33', 1),
(NULL, 'Carla Nilda Judith', 'Suarez ', '24259640', 90, 'AT - 9 a 12 hs y 16 a 18 hs', 0, 'NO PAGO', '33', 1),
(NULL, 'Leticia Raquel ', 'Giraudi ', '31262590', 91, 'Cuidado de enfermo', 39, 'Retiro de boletin', '33', 1),
(NULL, 'Joana Viviana', 'Brítez', '37705516', 92, 'Auxiliar Maestra Jadinera - 7 a 12:30 hs', 0, '-', '3764733253', 1),
(NULL, 'Andrea Liliana', 'Paiva ', '28957152', 93, 'Empleada Domestica', 42, 'retiro boletin', '33', 1),
(NULL, 'Carmen Lurdes', 'Roberti ', '22815074', 94, 'Auxiliar en cuidados gerontológicos - 13 a 18 hs ', 51, 'retiro boletin', '33', 1),
(NULL, 'María Inés', 'Rivas ', '28818338', 95, 'AT - Rotativo', 42, 'Falta cuil', '33', 2),
(NULL, 'Sebastian Alberto', 'Ibarra ', '45392366', 96, 'No', 19, 'Falta Título Sec. original y copia - No terminó sec. ', '33', 1),
(NULL, 'Iris Marlene', 'Servian ', '22090122', 97, 'AT - 8 a 19 hs', 52, '-', '33', 1),
(NULL, 'María Manuela', 'López ', '37084222', 98, 'Empleada - Mañana', 30, 'NO PAGO', '33', 2),
(NULL, ' Santiago Adriel', 'Villalba Maza', '41616439', 99, 'Tecnico - 6 a 12 hs', 25, '-', '33', 1),
(NULL, 'Maria Laura', 'Benedetti', '24294713', 100, 'No', 0, 'retiro libreta\n', '3764329861', 1),
(NULL, 'Dana Bárbara ', 'Quiroga ', '35285681', 101, 'No', 0, 'Retiro de boletin/NO PAGO', '33', 1),
(NULL, 'Diana Beatriz', 'Vera ', '33486883', 102, 'Gerontóloga - Rotativo', 0, 'retiro boletin', '33', 2),
(NULL, 'Roselida ', 'Cancio ', '37684769', 103, 'Empleada doméstica - 8 a 14 hs', 0, '-', '3764107527', 1),
(NULL, 'Rodrigo De Jesus', 'Urbanski', '41900408', 104, 'No', 0, 'Retoma el cursado por eso el numero de legajo', '33', 1),
(NULL, 'Susana Mariel', 'Kirchheim ', '18265158', 105, 'No', 0, 'retiro libreta', '3764822791', 1),
(NULL, 'Karina Isabel Noemi ', 'Fleitas ', '39512167', 106, 'No', 27, 'FALTA PAGAR/RETIRO BOLETIN', '33', 1),
(NULL, 'Mariana Vanesa', 'Benitez ', '32435523', 107, 'Repostería - 7 a 12 hs', 37, 'retiro boletin', '33', 2),
(NULL, 'Rocio Ailí', 'Correa ', '37461157', 108, 'No', 0, 'RETIRO LIBRETA', '33', 1),
(NULL, 'Damian Exequiel', 'Farias ', '42273070', 109, 'Tecnico en refrigeración ', 0, 'retiro libreta', '33', 2),
(NULL, 'Vanesa Soledad ', 'González ', '30619813', 110, 'No', 0, 'falta foto 4x4', '3764332093', 1),
(NULL, 'Miriam Elizabet ', 'Aguirre', '32042545', 111, 'No', 0, 'retiro libreta\n', '3764100397', 1),
(NULL, 'Susana Graciela ', 'Prestes ', '25767336', 112, 'Monotributista - Independiente - 9 a 18:30 hs', 0, 'Falta Foto 4x4 y FALTA PAGAR', '33', 1),
(NULL, 'Sofía Itatí', 'Correa ', '40415013', 113, 'Niñera - 8 hs', 0, 'retiro boletin', '333', 1),
(NULL, 'Patricia Noemi ', 'Busto ', '30959265', 114, 'Moza - 17 a 00.30 hs', 39, 'Retiro boletin', '33', 1),
(NULL, 'Elsa Ester', 'Reinaldo ', '28118896', 115, 'Empleada pública - 7 a 12 hs', 43, 'Retiro de libreta', '33', 1),
(NULL, 'Romina Isabel', 'Barrios ', '33486432', 116, 'Niñera - 7 a 17 hs', 0, 'retiro libreta\n', '33', 2),
(NULL, 'Patricia Maria Itati', 'Aranda', '24664892', 117, 'Niñera y Empleada Domestica - 6:30 a 14 y 15 a 22:30 (opt.)', 0, 'Falta Partida Nacimiento\n', '33', 1),
(NULL, 'Jesica Belén ', 'Cabañas ', '41787581', 118, 'No', 0, '-', '33', 2),
(NULL, ' Rocío Belén ', 'Da Silva', '43023333', 120, 'NO', 24, 'Retiro de boletin', '33', 1),
(NULL, 'Gladis Mariana', 'Pintos ', '32298454', 121, 'No', 0, 'retiro libreta', '3756508809', 1),
(NULL, 'Fatima Paulina', 'Basaraba ', '36095587', 122, 'Cuidados de pacientes - 13 a 18 hs', 32, 'Retira boletin', '33', 1),
(NULL, 'Cintia Daniela ', 'Ocampo ', '30381151', 123, 'Emprendedora', 40, 'Falta Foto 4x4', '33', 1),
(NULL, ' María Celeste', 'Aliendro Malena', '45137027', 126, 'No', 20, 'Falta Título original y copia - adeuda materias del Sec', '33', 2),
(NULL, 'Cintya Rafaela', 'Rojas ', '34893367', 127, 'No', 0, 'retiro libreta ', '3764110949', 1),
(NULL, 'Maximiliano Daniel', 'Candia ', '45452817', 128, 'No', 19, '1 Foto 4x4', '33', 1),
(NULL, 'Adriana Elizabeth', 'Barrios', '22301350', 129, 'Empleada Adm. - 6:30 a 12:30', 0, 'Falta pagar inscripción\n', '33', 2),
(NULL, 'Rocio Alejandra', 'Goras ', '41700162', 131, 'Empleada - 6 a 14', 0, 'Falta foto 4x4 / NO PAGO', '3764379591', 1),
(NULL, 'Lucas Agustín', 'Chiappe Gamarra ', '45826294', 132, 'No', 0, 'Presenta Dislexia / FALTA PAGAR', '33', 1),
(NULL, 'Lourdes Carolina', 'Mieréz ', '26623501', 133, 'Empleada Domestica - 8 a 12:30', 45, '-', '33', 1),
(NULL, 'Juan Carlos', 'Duarte ', '26330178', 134, 'Empleado Público - Variado', 0, '-', '33', 2),
(NULL, 'Jairo Nelson', 'Arevalo ', '30743609', 135, 'Electricista Industrial y Refrig.', 38, '-', '33', 2),
(NULL, 'Mirian Lorena', 'Duarte ', '33160567', 136, 'Adm. 11:45 a 18:10 hs', 0, '-', '33', 2),
(NULL, 'Fabricio Nahuel', 'Escalante ', '41501588', 138, 'Atención al cliente - 8 a 13 hs', 25, '-', '33', 2),
(NULL, 'Fátima Melisa', 'Hagelin ', '40919715', 139, 'No', 0, 'RETIRO BOLETIN', '3764695851', 1),
(NULL, 'Cintia Carolina', 'Lencina ', '40337891', 140, 'Operaria de Limpieza - 6 a 14hs y 14 a 22 hs', 0, 'retiro libreta ', '3764710145', 1),
(NULL, 'Cristian Robert ', 'Pereyra ', '28118812', 141, 'Jefatura Comercial - 7, 15 o 18 hs', 43, '-', '33', 1),
(NULL, 'Constanza Gabriela ', 'Millán ', '33012806', 143, 'No', 36, 'Falta título y pagar', '33', 1),
(NULL, 'Sebastian Maximiliano', 'Gonzalez ', '34458850', 144, 'Encargado de Mant. - 8 a 16 hs', 34, '-', '33', 1),
(NULL, 'Sandra Lorena', 'Bonifacio ', '31876846', 146, 'Comerciante - 6 a 13 hs', 0, 'retiro boletin\n', '3764643629', 1),
(NULL, 'Esteban Edgardo', 'Carlsson ', '28438106', 147, 'Vendedor - 7:30 a 15 hs', 42, '-', '33', 1),
(NULL, 'Jeremias ', 'Del Valle', '45339826', 148, 'Militar - 4:50 hs', 0, 'Falta Título', '33', 2),
(NULL, 'Gisela Estefanía', 'Fernandez ', '33732395', 149, 'Clases de acrobacia - Rotativo', 0, 'Falta pagar inscripción', '33', 1),
(NULL, ' Lucia Veronica ', 'Da Rosa', '39528891', 150, 'Pedicura - Mañana', 0, 'Falta Foto / NO PAGO ', '33', 1),
(NULL, 'Analia Evangelina', 'Oscare ', '39945288', 151, 'No', 30, 'Falta Título Sec. Adeuda Materias', '33', 1),
(NULL, 'Laura Noemí ', 'Ruiz Diaz', '39529660', 152, 'No', 27, 'Retiro de boletin', '33', 1),
(NULL, 'Lorena Mabel ', 'Godoy ', '40151839', 153, 'Si - no especifica ', 27, 'adeuda mat./retiro boletin', '33', 1),
(NULL, 'Estela ', 'Reyes ', '33458247', 154, 'No', 0, 'Retiro de boletin / NO PAGO ', '33', 1),
(NULL, 'Lautario Martin', 'Brunaga ', '46550965', 155, 'No', 18, 'retiro boletin', '33', 2),
(NULL, 'Silvia Noemí', 'Lopez ', '39227450', 156, 'No', 0, '-', '33', 1),
(NULL, 'Mirian Vanessa', 'Mendoza ', '42666654', 157, 'No', 23, '-', '33', 1),
(NULL, 'Florencia Belen', 'Gomez ', '39640632', 158, 'si - 07 a 13 hs Subscretaria de violencia', 26, '-', '33', 1),
(NULL, 'Noelia Elizabeth', 'Vera ', '31110073', 159, 'Servicio Penintenciario', 39, '-', '33', 1),
(NULL, 'Cecilia Mabel', 'Castaño ', '38381297', 160, 'No', 0, 'FALTA FOTO 4X4', '33', 2),
(NULL, 'Griselda', 'Lovera ', '33727567', 161, 'No', 34, '-', '33', 1),
(NULL, 'Kevin Eliezer', 'Ifrán ', '37473321', 162, '8 a 12 16,30 a 20,00', 28, 'Retiro boletin', '33', 1),
(NULL, 'Aymara Belen', 'Bernal ', '42760513', 163, 'No', 23, 'retiro legajo', '33', 2),
(NULL, 'Luzmila', 'Rejalaga', '45.843.105', 164, 'No', 21, 'Retoma el cursado por eso el numero de legajo', '3764-283348', 2),
(NULL, 'Eliana Yamila ', 'Nuñez ', '36070796', 165, 'No especifica', 32, '-', '33', 2),
(NULL, 'Fiorella Agustina ', 'Perez ', '44772637', 167, 'No', 0, 'Retiro de boletin / NO PAGO', '33', 1),
(NULL, 'Mendoza Vanina', 'Perez ', '42288315', 168, 'No', 23, 'Retiro boletin', '33', 1),
(NULL, 'Andrea Elizabeth ', 'Paredes ', '35014796', 169, 'empleada domestica 7 a 13', 33, 'retiro boletin', '33', 1),
(NULL, 'Gladys Veronica', 'Bernal ', '39228009', 170, 'si 8 a 11', 27, 'Retiro de Boletin', '33', 1),
(NULL, 'Natalia Mirna', 'Scheuermann ', '21814255', 171, 'Cuidados de Adultos Mayores - 7 a 13hs', 52, '-', '33', 1),
(NULL, 'Quintana Nahuel Nicolas', 'Davalos ', '45843143', 174, 'No', 19, '-', '33', 2),
(NULL, ' Anabela', 'Altamirano', '39223016', 176, 'Niñera - 7 a 15:30', 27, 'Retiro de boletin', '33', 1),
(NULL, 'damaris natalia', 'Duarte', '38.566.377', 177, 'No', 29, 'Falta Abonar. Retoma el cursado por eso el numero de legajo', '3765-154824', 1),
(NULL, 'Evelin Miriam', 'González ', '37705806', 178, 'No', 0, 'RETIRO BOLETIN / NO PAGO', '3764659251', 1),
(NULL, ' Mayara Nazarena', 'Dos Santos', '46388118', 179, 'At. al cliente - 7 a 15hs', 19, 'Falta título tiene constancia de titulo en tramite', '33', 2),
(NULL, 'Carla Talia Macarena', 'Pietrobelli ', '40341013', 180, 'AT - Mañana y Tarde ', 26, '-', '33', 1),
(NULL, 'Janet Lucía ', 'Ferreira ', '36470683', 181, 'Fisioterapia a domicilio', 30, 'Retiro de boletin ', '33', 1),
(NULL, 'Angelica Gladis', 'Gómez ', '22691381', 182, 'Gerontóloga - 7 a 20:30hs', 0, 'Falta partida de nacimiento / NO PAGO', '33', 1),
(NULL, 'Patricia Mabel', 'Castro ', '43332669', 183, 'No', 22, 'Retiro de boletin', '33', 2),
(NULL, 'Silvia Natalia', 'Martinez ', '27456045', 184, 'Comerciante - 7 a 22:30 hs ', 44, '-', '33', 1),
(NULL, 'Juan Ignacio', 'Campillo ', '40675965', 185, 'No', 26, '-', '33', 2),
(NULL, 'Sergio Nicolas', 'Rodriguez ', '34365141', 186, 'Comerciante - 10 a 18hs', 34, 'Falta pagar - Está con otro nombre en el LUA', '33', 1),
(NULL, ' Carolina Elizabet', 'Silva', '33523104', 187, 'Uber - Rotativo', 35, 'Retiro de boletin', '33', 1),
(NULL, 'Carla Andrea', 'Herrera Avellaneda ', '28739846', 188, 'Si, no menciona. 22 a 06 hs', 0, 'retiro libreta', '33', 1),
(NULL, 'Lourde Lorena ', 'Herrera Avellaneda ', '36268416', 189, 'Niñera - 8 a 14:30 hs ', 0, 'FALTA PARTIDA y Retiro Libreta', '33', 2),
(NULL, 'Camila Antonella ', 'Rodriguez ', '42812942', 190, 'No', 0, 'retiro boletin / NO PAGO', '3765093417', 1),
(NULL, 'Rita Elizabeth', 'Nuñez ', '35014133', 191, 'No', 33, 'Falta Fotocopia de DNI ', '33', 1),
(NULL, 'Berenice Aylen ', 'Rodriguez ', '44841912', 192, 'No', 20, '-', '33', 2),
(NULL, ' Mariana Noemi', 'Dos Santos', '37971009', 193, 'No', 34, 'Retiro de boletin', '33', 1),
(NULL, 'Juana Milagro', 'Lara ', '41502372', 194, 'Si, no especifica ocupación ni horario.', 24, 'Falta foto', '33', 1),
(NULL, 'Hugo Orlando ', 'Sanchez ', '29138926', 195, 'Comerciante - 8:30 a 13hs', 0, 'F.P. Retiro boletin/NO PAGO', '33', 1),
(NULL, 'Katherina Daiana', 'Samaniego ', '46552563', 196, 'No', 18, 'retiro boletin', '33', 1),
(NULL, 'Yanina Elizabet', 'Franco ', '37158824', 198, 'No', 31, 'Retiro de boletin', '33', 2),
(NULL, 'Camila Soledad Belén ', 'Ifrán ', '41878486', 200, 'No', 0, 'Falta Titulo Secundario / NO PAGO', '33', 1),
(NULL, 'Verónica Elizabeth', 'Castillo ', '29632807', 201, 'Adm. Pública 6:30 a 13 hs', 41, '-', '33', 1),
(NULL, ' Julio Martín', 'Antúnez Rodriguez', '29840349', 202, 'Adm. - 8 a 16hs', 40, '-', '33', 1),
(NULL, 'Celeste Florencia', 'Cácerez ', '32794290', 203, 'Si, no especifica ocupación ni horario', 36, '-', '33', 1),
(NULL, 'María Itatí', 'Cabral ', '28534174', 204, 'No', 42, '-', '33', 2),
(NULL, ' Mariel Agostina Itatí', 'Castillo', '42003270', 205, 'Empleada - 9 a 13 y 18 a 22 hs', 24, '-', '33', 1),
(NULL, 'Gisela Analía ', 'Barrios ', '31570859', 206, 'AT - 7 a 11 y 16 a 20:30', 38, '-', '33', 1),
(NULL, 'Rodrigo De Jesús', 'Bonifacio ', '43946273', 207, 'Changas - 7 a 12 hs', 22, '-', '33', 1),
(NULL, 'Gregorio Enrique', 'Carisimo ', '32608256', 208, 'Empleado - 7 a 12 y 15:30 a 19:30 hs', 0, 'FALTA PAGAR', '33', 1),
(NULL, 'Luisa Natalia ', 'Gomez ', '30585340', 209, 'Portera - 13 a 19 hs', 0, 'retiro libreta', '33', 1),
(NULL, 'Ivana Soledad', 'Barrios ', '33217056', 210, 'No', 36, 'Falta P. Nacimiento y pagar', '33', 2),
(NULL, 'Claudia Andrea', 'Espindola ', '26871719', 211, 'No', 45, 'Retiro boletin', '33', 1),
(NULL, 'Delia Isabel', 'Ferreira ', '37156601', 215, 'Ag. Sanitario - 6 a 12 hs ', 0, 'NO PAGO - SE CAMBIÓ A COMISIÓN C', '3764337707', 1),
(NULL, 'Facundo Samuel', 'Paliza', '466387699', 216, 'no', 19, 'falta pagar', '376478180', 1),
(NULL, 'Facundo Samuel', 'Paliza ', '46387699', 217, 'No', 0, 'Falta Titulo aduda materias', '33', 1),
(NULL, 'Silvia Noemí', 'Amarilla', '30782907', 218, 'Promotora de Salud ', 0, 'retiro libreta\n', '3765134919', 1),
(NULL, 'Anabella Rosa ', 'Gomez ', '38776592', 219, 'Empresa limpieza - 8:30 a 13:30 y 19:30 a 22 hs', 29, 'Retiro boletin', '33', 1),
(NULL, 'Veronica Ester', 'Piris ', '32914816', 220, 'Peluquera y niñera - 8 a 13 y 16:30 a 19 hs', 0, 'Retiro boletin / NO PAGO', '33', 1),
(NULL, 'Paola Tamara ', 'Moreira ', '41419962', 222, 'Cuidado de personas - 8 a 19hs', 25, '-', '33', 2),
(NULL, 'Cecilia Elizabeth', 'Piñeyro ', '26092560', 223, 'Modista - 8 a 12 hs', 46, 'Falta foto 4x4', '33', 1),
(NULL, 'Romina Valeria', 'Amarilla', '31629388', 224, 'Docente - 7:30 a 12 hs', 0, 'Falta foto 4x4\n', '33', 2),
(NULL, 'Karen Ayelen', 'Diaz ', '45604518', 225, 'No', 0, 'retiro libreta', '33', 2),
(NULL, 'Valeria Maribel ', 'Barrera ', '34395520', 226, 'Si no figura en que - 8 a 15 hs', 34, '-', '33', 1),
(NULL, ' De Araujo Raquel', 'Marques', '29543034', 227, 'Comerciante - tiempo completo', 42, '-', '33', 1),
(NULL, 'Mirta Mabel', 'Jara ', '20119734', 228, 'Si no figura en que - 8 a 16 hs', 55, '-', '33', 1),
(NULL, 'Yesica Paola', 'Montenegro ', '34161612', 229, 'Niñera - 9 a 14 hs', 0, 'retiro libreta / NO PAGO', '3764963932', 1),
(NULL, 'Andrea Elizabet', 'Sanchez ', '33076881', 230, 'no', 0, 'retiro libreta / NO PAGO', '3765171135', 1),
(NULL, 'Mariela Isabel', 'Gonzalez', '47.535.251', 231, 'Cuidadora Domiciliaria', 33, 'Falta Abonar. Retoma el cursado por eso el numero de legajo', '3764-608494', 1),
(NULL, 'Camila Leticia', 'Rodriguez ', '40194522', 232, 'AT - 7:30 a 12 hs', 26, 'Falta P. Nacimiento / Pagar', '33', 1),
(NULL, 'Alan Julian', 'Benitez ', '37590242', 233, 'Empleado - 7 a 19 hs', 30, '-', '33', 1),
(NULL, 'Gimena Micaela ', 'Castillo ', '34896325', 234, 'Policia - Rotativo', 30, '-', '33', 1),
(NULL, 'Valentina Guadalupe', 'Godoy ', '46477773', 235, 'No', 18, '-', '33', 1),
(NULL, 'Hernan Franco', 'Godoy ', '45452383', 236, 'No', 19, '-', '33', 1),
(NULL, 'Ana Itatí ', 'Baez ', '36097486', 238, 'Si, no meciona de que', 32, 'retiro boletin', '33', 1),
(NULL, 'Paula Andrea ', 'Alarcón ', '32435631', 239, 'Servicio Domestico, horario no menciona', 37, 'Falta foto 4x4', '33', 1),
(NULL, 'Macarena ', 'Salas ', '34362851', 240, 'Docente - 7 a 12 y 13:30 a 16 hs', 34, 'Falta foto 4x4 / Pagar', '33', 1),
(NULL, 'Pablo Yoel ', 'Ojeda ', '40791915', 241, 'No', 0, 'FALTA FOTO 4X4 / NO PAGO', '33', 1),
(NULL, 'Lucia Vanessa ', 'Elizalde ', '33735087', 242, 'Empleada comercio - rotativo', 36, 'Retira boletin', '33', 2),
(NULL, 'Carol Magali ', 'Figueredo ', '38188398', 243, 'Cuidado de adultos mayores - 7 a 16 hs', 0, 'Retiro boletin / NO PAGO', '33', 1),
(NULL, 'Noelia Vanesa ', 'Ruiz ', '36692415', 244, 'No', 31, 'falta pagar/titulo/retiro boletin ', '33', 1),
(NULL, 'Magali Magdalena', 'Lopez ', '35456852', 249, 'No', 0, 'FALTA PAGAR', '33', 1),
(NULL, 'Johana Ayelen', 'Duarte ', '4170020', 250, 'Ventas de creditos - 8 hs', 24, '-', '33', 1),
(NULL, 'Miryam Elizabeth', 'Romero ', '20815660', 251, 'Servicios de salud - 17 a 20:30 hs', 54, 'Falta foto 4x4 / Paga', '33', 1),
(NULL, 'Andrea Vanesa ', 'Lezcano ', '35872350', 252, 'Coop. - Rotativos', 32, 'falta pagar/retiro boletin', '33', 1),
(NULL, 'Andrea Flora', 'Ifrán ', '33076413', 253, 'Empleada domestica', 36, 'retiro boletin', '33', 1),
(NULL, 'Estela Marys ', 'Valdiviezo ', '32002280', 255, 'Fotografa', 37, 'Retiro  boletin', '33', 1),
(NULL, 'Tamara Gisel ', 'Rivas ', '33721098', 256, 'AT - 7:30 a 12:30 hs', 35, '-', '33', 1),
(NULL, 'Maria Isabel', 'Peralta ', '41286231', 257, 'Limpieza', 0, '-', '3764537294', 1),
(NULL, 'Nestor Fabian', 'Alvez ', '24819936', 259, 'Vendedor - 8 a 17:30 hs', 48, '-', '33', 1),
(NULL, 'Laura Monica', 'Anzuate', '29166549', 260, 'AT - 6 a 14 hs', 0, 'retiro libreta NO PAGO ', '3764734579', 1),
(NULL, 'Graciela Elizabet', 'Meza ', '33406713', 261, 'Empleada - 8 a 12 hs', 36, '-', '33', 2),
(NULL, 'Yamila Tamara', 'Rodriguez ', '33523599', 262, 'Asesor Tecnico - 8 a 20 hs', 0, 'LUA', '33', 1),
(NULL, 'Elias Nahuel', 'Baez ', '41615520', 263, 'Servicio mantenimiento', 25, 'Falta foto 4x4/  pagar y titulo Sec.', '33', 1),
(NULL, 'Aldana Agustina', 'Miranda ', '40194535', 264, 'No', 26, 'Falta foto 4x4', '33', 1),
(NULL, 'Zamira Salomé ', 'Ferreira ', '44540672', 267, 'No', 0, 'Falta Pagar , LUA', '33', 1),
(NULL, 'Julia Carolina Itati', 'Cuello ', '30255288', 268, 'No', 0, 'Falta foto 4x4 / NO PAGO', '33', 1),
(NULL, 'Romina Eliana', 'Pereyra ', '28610762', 269, 'AT - 13 a 17 hs', 42, '-', '33', 2),
(NULL, 'Hernan Lucas', 'Alvarez ', '41700003', 270, 'Policia - Rotativo', 24, '-', '33', 2),
(NULL, 'Jose Martin', 'Araujo ', '30381206', 271, 'Aux de farmacia - Rotativo', 40, 'Falta foto 4X4', '33', 1),
(NULL, 'Nicole Camila', 'Braga', '42172473', 272, 'No', 0, '-', '33', 1),
(NULL, 'Natalia Itati', 'Mieres ', '33638479', 275, 'No ', 0, '-', '33', 2),
(NULL, ' Lourdes Paola', 'Carranza Valenzuela', '35569192', 278, 'No', 32, 'Falta foto 4x4 ', '33', 1),
(NULL, 'Daina Belen', 'Villada ', '34777493', 279, 'No', 0, 'retiro libreta', '3754461379', 1),
(NULL, 'Andrea Stefani', 'Altamirano', '33407565', 280, 'No', 0, 'retiro libreta\n', '3765112232', 1),
(NULL, 'Karen Macarena', 'Camargo ', '41114306', 282, 'Si, no menciona, horario 16 a 20hs', 25, 'Falta Fotos', '33', 1),
(NULL, 'Carlos Emanuel ', 'Britos ', '34971282', 283, 'Informatico, 07 a 13:30hs', 33, 'FALTA FOTOS', '33', 2),
(NULL, 'Jesica Alejandra ', 'Ahlgreen ', '33241270', 285, 'No', 36, 'Falta Titulo/No pago', '33', 1),
(NULL, 'Romina Elizabeth', 'Sosa ', '29138644', 287, 'Si, pero no menciona ', 42, 'Falta Fotos y P. Nacimiento', '33', 2),
(NULL, 'Axel Nahuel ', 'Benitez ', '44529035', 289, 'No', 21, 'Falta Pagar ', '33', 2),
(NULL, 'Yesica Ingrid', 'Kivinski ', '35456823', 290, 'No', 32, 'Falta Fotos y P. Nacimiento', '33', 1),
(NULL, 'Analia Elizabeth ', 'Ramirez ', '45603056', 291, 'No', 21, 'Retiro boletin', '33', 1),
(NULL, 'Marcela Itati', 'Morais ', '35328128', 293, 'No menciona', 33, '-', '33', 1),
(NULL, 'Leo', 'Svancara ', '45392373', 294, 'No', 19, '-', '33', 2),
(NULL, 'Yesica Nair ', 'Duran ', '37110638', 295, 'No', 31, 'Retira boletin', '33', 1),
(NULL, 'Ivana Silvina', 'González ', '35711498', 297, 'No', 0, 'Retiro boletin / NO PAGO ', '33', 1),
(NULL, 'Ludmila Desire', 'Benitez ', '46083669', 298, 'No', 0, 'Retira boletin / NO PAGO', '33', 1),
(NULL, 'Encina Yamila Elizabeth', 'Saucedo ', '43620783', 299, 'No', 0, 'retiro boletin / NO PAGO', '3764172641', 1),
(NULL, 'Ivana Soledad ', 'Slabcow ', '33406869', 302, 'No', 35, 'Flata fotos', '33', 1),
(NULL, 'Romanela Madelen', 'Sarza ', '39946799', 303, 'Limpieza, horario 07 a 11 hs', 0, 'Retira boletin / NO PAGO ', '33', 1),
(NULL, 'Emily Soledad', 'Zorrilla ', '39530667', 304, 'No', 0, 'FALTA FOTO', '3764863046', 1),
(NULL, 'Daviana Lorena', 'Flores ', '40198116', 305, 'Empleada Domestica 07 a 12 hs', 36, '-', '33', 2),
(NULL, 'Mauricio Nahuel', 'Amarilla ', '41508640', 306, 'Acomp. Terapeutico 6:55 a 11:10 hs', 25, 'No pago ', '33', 1),
(NULL, ' Velozo Micaela Agustina', 'Rocha', '38197032', 307, 'Atencion al Publico 15:30 a 23 hs', 29, 'Retiro boletin', '33', 1),
(NULL, 'Rita Antonia ', 'Talavera ', '26292087', 308, 'Agente Sanitario 07 a 13 hs', 46, '-', '33', 1),
(NULL, 'Lujan Elizabeth ', 'Gimenez ', '41302263', 309, 'No', 25, 'Retiro boletin', '33', 1),
(NULL, ' Lorena Abril ', 'Saldaña', '42762422', 310, 'No', 0, 'retira boletin / NO PAGO ', '33', 1),
(NULL, ' Aldo Ernesto', 'Ibañez del Puerto', '30935518', 312, 'Profesor - Mañana y Tarde', 39, '-', '33', 2),
(NULL, 'Yanina Natasha ', 'Zbikoski ', '35014136', 313, 'Comerciante - Horarios no menciona', 33, 'Falta fotos', '33', 1),
(NULL, 'Alejandra Elizabeth ', 'Ferreyra ', '33013330', 314, 'No', 0, 'Retira boletin / NO PAGO', '33', 1),
(NULL, 'Nahuel Ezequiel ', 'Goi ', '42763266', 315, 'No', 23, '-', '33', 1),
(NULL, 'Raul Armando', 'Sosa ', '31121163', 316, 'Constructor - 7 a 17 hs', 41, 'Falta titulo', '33', 1),
(NULL, 'Sofia Guadalupe ', 'Alvez ', '45322868', 317, 'No', 20, 'Retira boletin', '33', 1),
(NULL, 'Cristian Ivan', 'Rojas ', '38139505', 318, 'No', 0, 'NO PAGO ', '33', 1),
(NULL, ' Lucia Belen ', 'González', '43120996', 319, 'No', 23, '-', '33', 2),
(NULL, ' Mercedes Alejandra', 'Garcia Paredes', '30215830', 321, 'Empleado Publico y AT', 43, 'Falta titulo', '33', 1),
(NULL, 'Maria Alejandra ', 'Alvarez ', '41192374', 322, 'No', 25, 'Retira boletin', '33', 1),
(NULL, 'Ruth Rocio', 'Lopez', '41.305.826', 323, 'No', 25, 'Retoma el cursado por eso el numero de legajo', '3764-579290', 1),
(NULL, 'Daiana Gisel ', 'Rodriguez ', '34897386', 326, 'No', 0, 'FALTA PAGAR', '33', 1),
(NULL, 'Norma Elizabet', 'Suarez ', '32730836', 328, 'Auxiliar Jardinera 7 a 12', 0, 'Falta Pagar,fotos/Retiró Boletin', '3764360245', 1),
(NULL, 'Luz Mila Jana Nerea', 'Zaleski ', '46167252', 329, 'No', 0, '-', '33', 2),
(NULL, 'Brisa Romina Elizabeth', 'Rubidarte ', '44149846', 330, 'No', 0, '-', '33', 2),
(NULL, 'Ivana Raquel ', 'Bordon ', '34367146', 333, 'No', 33, 'Retira boletin', '33', 1),
(NULL, 'Delia Noemi ', 'Bareiro ', '40412155', 334, 'Comerciante - no menciona horario', 26, 'Retira boletin', '33', 1),
(NULL, 'Romina Patricia', 'Romero ', '34944639', 335, 'No', 34, 'Retiro de boletin', '33', 1),
(NULL, 'Natalia Olga', 'Gabilan', '29633111', 336, 'Agente Sanitario 07 a 13 hs ', 0, 'entregue libreta', '3764214995', 1),
(NULL, 'Alejandro Antonio ', 'Torres ', '43024601', 337, 'No', 23, '-', '33', 2),
(NULL, 'Gisela Paola', 'Camargo ', '31792398', 338, 'Comerciante - Horarios no menciona', 35, 'Falta titulo', '33', 1),
(NULL, 'Ariana Micaela', 'Obermeier ', '42288160', 340, 'No', 24, '-', '33', 1),
(NULL, 'Veronica Gabriela', 'Pelinski ', '35010543', 341, 'No', 0, 'NO PAGO', '33', 1),
(NULL, 'Oriana Ayelen', 'Maciel ', '46553936', 342, 'No', 0, 'NO PAGO', '3765153717', 2),
(NULL, 'Cristhian Gabriel', 'Wottrich ', '39229295', 343, 'Fuerza de Seguridad - horario no menciona', 0, 'retiro libreta', '3764396094', 1),
(NULL, 'Cristian Adrian', 'Vargas ', '32608775', 344, 'Comenciante 6 a 14hs', 36, 'Falta pagar / Fotos', '33', 1),
(NULL, 'Romina Giselle', 'Silva ', '37705540', 345, 'No', 30, 'Falta Pagar, Fotos y Titulo', '33', 1),
(NULL, 'Lucas Gabriel', 'Couto', '39.821.137', 346, 'No', 27, 'Falta Abonar- Retoma el cursado por eso el numero de legajo', '3764-518853', 1),
(NULL, 'Claudia Elizabet', 'Sienra ', '30935850', 347, 'Empleada Domestica 16a 20hs', 0, 'Falta Pagar y Fotos', '33', 2),
(NULL, ' Tamara Vanesa', 'Villalba', '28739827', 349, 'Comerciante 16:30 a 21 hs ', 42, '-', '33', 1),
(NULL, 'Veronica Lorena', 'Torres ', '30318662', 350, 'No', 40, 'Retiro de libreta/No pago', '33', 1),
(NULL, ' Erica Elizabeth', 'Meneses Torres', '33570785', 351, 'No', 0, 'Retiro libreta / NO PAGO', '33', 1),
(NULL, 'Sandra Raquel', 'Baez', '34971119', 355, 'No', 0, 'Falta Pagar y Fotos\n', '33', 2),
(NULL, 'Blanca Amada ', 'Galeano ', '46086489', 356, 'No', 0, 'Retiro libreta', '33', 1),
(NULL, 'Natalia Rocio', 'Peralta ', '41832668', 357, 'Cuidado de Mayores 6 a 18hs', 0, 'NO PAGO', '3765015309', 1),
(NULL, 'Magali ', 'Ferreira De Morais', '46550347', 358, 'No', 18, 'Retira boletin / Pagar', '358', 1),
(NULL, 'Graciela Virginia ', 'Silva ', '27999792', 359, 'Acomp. Gerontologico 22 a 14hs ', 0, 'Falta Pagar y Titulo', '33', 1),
(NULL, 'Ursula Eliana', 'Gonzalez ', '32297861', 360, 'No', 37, '-', '33', 1),
(NULL, 'Martha Evelin', 'Gonzalez ', '33217283', 361, 'No', 36, '-', '33', 1),
(NULL, 'Paulina ', 'Figueredo ', '30165434', 363, 'Cuidadora - 10 a 18hs', 49, 'Falta fotos', '33', 1),
(NULL, 'Andrea Carolina', 'Ibarra ', '29671876', 364, 'Empleada de Comercio 5 a 13hs', 0, 'retiro libreta', '3764230587', 1),
(NULL, 'Carolina Beatriz ', 'Álvarez ', '39221308', 367, 'Limpieza Turno Mañana', 0, 'Falta Fotos y Pagar \n', '33', 1),
(NULL, 'Sandra Noemi', 'Álvarez', '37324982', 368, 'California Turno Mañana', 0, 'Falta Pagar \n', '33', 1),
(NULL, 'Exequiel Osvaldo ', 'Carrizo ', '39934668', 371, 'No', 0, 'Retiro boletin / NO PAGO', '33', 1),
(NULL, 'Fabiana Itati', 'Insfrán ', '33523926', 373, 'Agente Sanitario 11:30 a 18:30hs ', 0, 'retiro libreta', '3765120152', 1),
(NULL, 'Yanina Andrea ', 'Britez', '36410047', 374, 'No', 0, 'Falta Fotos ', '33', 2),
(NULL, 'Veronica Natalia ', 'Lopez ', '30935714', 375, 'Peluquera 08 a 17hs ', 39, 'Retiro boletin', '33', 1),
(NULL, ' Carlos Hernan', 'Da Rosa', '26286357', 379, 'Policia - Rotativo', 45, 'Falta P. nacimiento', '33', 2),
(NULL, 'Cintia Mabel', 'Pereira ', '35494620', 380, 'Empleada Publica 7 a 13hs', 0, 'retiro libreta', '3765065064', 1),
(NULL, 'Juliana Liset', 'Valenzuela ', '46086515', 382, 'No', 0, 'Falta Titulo, Fotos y Pagar', '3765069565', 1),
(NULL, 'Maria Eva', 'Duarte', '34260289', 383, 'Empleada Domestica - horario no menciona ', 0, '-', '33', 2),
(NULL, 'Daniel Alfonzo', 'Oliveira ', '42220471', 384, 'Limpieza 6 a 18hs', 24, 'Falta fotos', '33', 2),
(NULL, 'Rocio Del Carmen', 'Insfran ', '32050245', 385, 'Apoyo Escolar 18 a 20hs', 0, 'retiro libreta', '3764759230', 1),
(NULL, 'Marianela Lujan', 'Rivero ', '36408875', 387, 'No', 27, 'Falta titulo', '33', 2),
(NULL, 'Marlene Itati ', 'Maidana ', '33487008', 390, 'No especifica', 35, '-', '33', 1),
(NULL, 'Maria Laura ', 'Machado ', '32179964', 393, 'Empleada Domestica 6 a 15hs ', 0, 'Retira boletin / NO PAGO', '33', 1),
(NULL, 'Barbara Yanina', 'Fernandez ', '38188369', 395, 'Si, no menciona y horario 16 a 20hs', 29, 'Retiro boletin', '33', 1),
(NULL, 'Daiana Ayelen', 'Fernandez ', '41789754', 397, 'Si, pero no menciona Horario 07:20 a 16:20', 24, 'Falta foto 4x4', '33', 1),
(NULL, 'Norma Alejandra', 'Arriola ', '29989385', 398, 'Tecnico en salud 06 a 17hs', 40, 'Retiro boletin', '33', 1),
(NULL, 'Natalia', 'Castillo ', '17412407', 399, 'Agente Sanitario 06 a 17hs', 58, 'Retiro boletin', '33', 1),
(NULL, 'Yesica Pamela ', 'Llanes ', '29928231', 400, 'No ', 40, 'Retiro boletin ', '33', 1),
(NULL, 'Eliana Tamara', 'Amarilla ', '33343320', 401, 'Niñera 07 a 14hs', 34, '-', '33', 1),
(NULL, 'Rosa Francisca ', 'Garcia ', '27997522', 404, 'Acompañante Terapeutico 14:30 a 18:30hs', 43, '-', '33', 2),
(NULL, 'Maria Del Carmen', 'Samaniego ', '33015448', 408, 'No', 0, 'retiro libreta', '3764800932', 1),
(NULL, 'Ana Maria', 'Cayo ', '31629178', 409, 'Enfermera gerontologica - horarios rotativos', 38, '-', '33', 1),
(NULL, 'Micaela Ayelen', 'Samaniego ', '44226544', 410, 'subsecretaria de articulacion e integracion de sistemas ', 0, 'retiro libreta', '3764398253', 1),
(NULL, 'Luz Marianela ', 'Benitez ', '43421379', 411, 'No', 0, 'Retiro de libreta', '33', 1),
(NULL, 'Soledad Landaida', 'Romina ', '30903810', 412, 'Agente Sanitario 11:30 - 18hs', 38, '-', '33', 2),
(NULL, 'Marina Gisel ', 'Antunez', '34362602', 413, 'No', 34, '-', '33', 2),
(NULL, 'Brisa Milagros', 'Vergara ', '44717404', 414, 'No', 0, '-', '3764270433', 1),
(NULL, 'Ailen Melgarejo', 'Lusmila ', '42760538', 417, 'No', 23, '-', '33', 1),
(NULL, 'Eugenia Guadalupe', 'Yeza', '36408797', 422, 'Empleada Municipal 19 a 01hs', 26, 'NO PAGO', '33', 1),
(NULL, 'Carina Fabiana ', 'Ponce ', '36268743', 423, 'No', 31, '-', '33', 1),
(NULL, 'Riquelme Julio Cesar', 'Pereira Riquelme', '17.689.906', 425, 'Agente Sanitario 06 - 12hs', 57, '', '3764-578759', 1),
(NULL, 'Camila Eliana', 'Villagra', '39628440', 429, 'Cuidadora 06 a 14hs', 27, 'NO PAGO', '33', 1),
(NULL, 'Silvia Rosana', 'Mereles ', '28059956', 435, 'Atencion al Publico 14 - 20 hs', 43, 'NO PAGO', '33', 1),
(NULL, 'Analia Soledad ', 'Vergara ', '38565134', 436, '-', 0, 'buscar legajo, no hay informacion', '3764121751', 1),
(NULL, 'María José', 'Baez', '38.381.186', 438, 'No', 29, 'Era en Transito, retoma el cursado por eso el numero de lega', '3765-296329', 1),
(NULL, 'Nora Cristina', 'Altamirano ', '25201930', 440, 'Empleada 06 a 14hs', 0, 'NO PAGO ', '3764829733', 1),
(NULL, 'Rosa Elvira', 'Rojas', '20.506.304', 441, 'Auxiliar de Enfermeria 07 a 15hs', 54, 'Retoma el cursado por eso el numero de legajo', '3764173586', 2),
(NULL, 'Viviana Vanina', 'Rolon', '29.378.214', 442, 'Auxiliar de enfer 12 a 18hs', 41, '', '3764-197396', 1),
(NULL, 'Noelia Andrea', 'Santa Cruz ', '34448583', 450, 'Empleada Publica 07 a 13hs', 0, 'FALT.PAGAR', '3764695066', 1),
(NULL, 'Adriana Inés', 'Balgüenet', '33727510', 452, 'No', 0, 'NO PAGO', '33', 1),
(NULL, 'Silvana Beatriz', 'Contis ', '35005658', 454, 'Empleada Domestica 08 a 12hs', 0, '-', '3764850459', 1),
(NULL, 'Alejandra Yanina', 'Aguirre ', '35079502', 455, 'No', 32, 'No', '33', 1),
(NULL, 'Laura Silvana', 'Bogado ', '36268734', 456, 'No', 31, 'falta pagar', '33', 1),
(NULL, 'Carlos Saul ', 'Sanabria ', '43700671', 458, 'No menciona - 08 a 16:30hs', 0, 'Tituto en Tramite - Falta constancia', '33', 1),
(NULL, 'Esther Erika', 'Klevet ', '26286060', 459, 'Acompañante 07:30 a 11:45 ', 46, '-', '33', 1),
(NULL, 'Gisel Noemi ', 'Olivera ', '33143298', 462, 'No', 35, 'NO PRESENTÓ INSCRIPCIÓN', '33', 1),
(NULL, 'Marianela Soledad', 'Leguizamon', '43527865', 463, 'Administracion Publica', 23, '-', '3764539336', 1),
(NULL, 'Adriana de los Angeles ', 'Bravo ', '30192394', 464, 'No', 41, '-', '33', 1),
(NULL, 'Nicole Milagros', 'Guiñazu ', '45026494', 466, 'No', 20, 'No', '33', 1),
(NULL, 'Adriana Beatriz', 'Ramirez ', '49693010', 470, 'Empleada Domestica 08 a 12hs', 0, 'NO PAGO', '3786406797', 2),
(NULL, 'Maria Ester ', 'Garcia ', '45790428', 472, 'No', 23, '-', '33', 1),
(NULL, 'Adriana Veronica', 'Jaques', '37.590.138', 473, 'Esteticista 07 a 12hs', 21, 'Falta Abonar', '3764-536590', 1),
(NULL, 'Angela Ariana', 'Pucheta ', '35015225', 477, 'No', 33, '-', '33', 1),
(NULL, 'Maria Leonela ', 'Lucas ', '33425466', 478, 'Independiente- horario no menciona', 35, '-', '33', 1),
(NULL, 'Norberto Andres', 'Da Rosa', '21781404', 479, 'No', 53, '-', '33', 2),
(NULL, 'Luis Cecilio', 'Arias ', '34361399', 483, 'Realizador Audiovisual 08 a 12 - 15 a 18', 33, '-', '33', 1),
(NULL, 'Moraiz Yanina B', 'Kociubczyk', '95623137', 484, 'No', 21, 'Falta Pagar ', '33', 2),
(NULL, 'Jesica Itatia ', 'Diaz ', '34971622', 486, 'No', 32, '-', '33', 1),
(NULL, 'Patricia Soledad', 'Fernandez', '28.162.891', 487, 'empleada/se retira a las 22:10hs.', 43, 'Era en Transito, retoma el cursado por eso el numero de lega', '3764-886645', 1),
(NULL, 'Rafaela', 'Miranda ', '28320726', 488, 'No', 43, '-', '33', 1),
(NULL, 'Ariel Orlando ', 'Antunez ', '37473474', 491, 'Administrativo 06 a 14hs', 28, '-', '33', 1),
(NULL, 'Matias Rodrigo', 'Puchot ', '41191139', 492, 'No', 24, '-', '33', 1),
(NULL, 'Esteban Gabriel', 'Arbelino ', '34274932', 493, 'Enfermero 12:30 a 19hs', 0, '-', '3764377457', 1),
(NULL, 'Fabio Emanuel ', 'Quintana', '43944033', 494, '-', 22, '-', '3764103190', 1),
(NULL, 'Hector Ezequiel', 'Molina', '42.240.927', 498, 'Chofer de Ambulacia', 25, 'Retoma el cursado por eso el numero de legajo', '3764-136150', 1),
(NULL, 'Olga Mabel', 'Samaniego ', '26292883', 500, 'No menciona', 0, 'FALTA PAGAR', '3765148080', 1),
(NULL, 'Monica Paola', 'Sena', '25.987.517', 501, 'No', 46, 'Retoma el cursado por eso el numero de legajo', '3764-326349', 1),
(NULL, 'Juan Carlos', 'Sosa', '35.711.662', 502, 'Empleado de Comercio 15 a 19hs', 32, '', '3764-717304', 1),
(NULL, 'Silvia Vanesa', 'Pelinski ', '31502262', 503, 'Policia de la Provincia - horarios rotativos', 0, 'NO PAGO', '33', 1),
(NULL, 'Diego Fabian', 'Centurion ', '34366577', 504, 'Servicio Penitenciario - horarios rotativos', 33, '-', '33', 1),
(NULL, 'Anyelen Antonella', 'Santoro ', '38636813', 505, 'Empleada Publica 07 a 13hs', 31, '-', '33', 1),
(NULL, 'Ana Laura', 'Galeano', '41.508.593', 506, 'Acompañante Terapeutico- turno mañana y tarde', 24, 'Era en Transito, retoma el cursado por eso el numero de lega', '3764-289588', 1),
(NULL, 'Natalia Vanesa', 'Nielsen Anker', '40041198', 508, 'No', 26, '-', '33', 1),
(NULL, 'Jose Ramon', 'Romero ', '30790237', 512, 'Comerciante 08:30 a 14hs', 38, '-', '33', 1),
(NULL, 'Patricia Graciela', 'Gonzalez ', '95515511', 515, 'No', 34, '-', '33', 1),
(NULL, 'Dario Hernan', 'Alegre ', '38242409', 517, 'Empleado empresa privada 15:30 a 18:30hs', 29, '-', '33', 1),
(NULL, 'Erika Yohana', 'Duarte ', '44951244', 519, 'No', 0, 'NO PAGO ', '33', 1),
(NULL, 'Marianela Soledad', 'Enrrico ', '26089284', 521, 'Personal adminisitrativo 06:00 a 11:30hs', 0, 'NO PAGO ', '33', 1),
(NULL, 'Romina Elizabet', 'Brito', '34.395.580', 522, 'Policia Horarios rotativos', 34, 'Era en transito de At, retoma el cursado y se cambia a Enfer', '0', 2),
(NULL, 'Carla Rocio', 'Esquivel', '36114908', 524, 'No', 32, 'Falta Pagar', '33', 2),
(NULL, 'Julieta Itati', 'Carrizo Arce', '38166972', 525, 'administrativo 15 a 18 : 45 HS', 29, 'Falta Pagar', '33', 2),
(NULL, 'Romina Belen', 'Ayala ', '42899583', 530, 'No', 24, '-', '33', 1),
(NULL, ' Camila Ailen', 'Gomez Gonzalez', '44772870', 531, 'No', 20, 'No pago', '33', 1),
(NULL, 'Ramona Elisa', 'Gauto ', '30619704', 536, 'Promotor de Salud - 07 a 12 hs', 43, '-', '33', 1),
(NULL, ' Aldana Sandra', 'De Olivera Alvez', '41155773', 541, 'Orientadora 09hs. a 20hs. ', 25, '-', '33', 1),
(NULL, 'Laura Leticia', 'Toledo ', '21303530', 543, 'No', 51, 'Falta fotos', '33', 1),
(NULL, 'Marina Soledad', 'Lima ', '35456029', 544, 'Emprendedora Essen', 0, 'Trajo el legajo fuera de termino, por eso el numero', '33', 1),
(NULL, 'Tania Noelia', 'Cuenca ', '37158965', 545, 'Empleada 06 a 14hs', 0, 'TRAJO CONSTANCIA DE DOMICILIO', '3764757354', 1),
(NULL, 'Camila Elizabet', 'Gonzalez ', '43539934', 546, 'Niñera 13 a 19hs', 22, '-', '3764125192', 1),
(NULL, 'Roberto Carlos', 'Burgos ', '26572500', 547, 'Militar 06 a 15hs', 45, '-', '3765052326', 1),
(NULL, 'Viviana Soledad', 'Rodriguez ', '31629329', 548, 'Ama de casa', 38, '-', '3764572037', 1),
(NULL, ' Luz Abril', 'Alarcon ', '46551226', 549, 'No ', 18, 'Falta Abonar', '3765303187', 1),
(NULL, 'Viviana Patricia', 'Gauna', '36024958', 550, 'no', 33, '-', '3764204266', 1),
(NULL, 'Daiana Daniela Rita', 'Daglio ', '34447714', 551, 'No', 33, 'Falta Abonar', '3765075349', 2),
(NULL, 'Senger Marisol', 'Fernandez ', '36209843', 552, 'Chef - Horario rotativo', 32, '-', '3764105469', 2),
(NULL, 'Rosalia Elizabet', 'Fernandez ', '32179877', 553, 'Niñera 06 a 16hs', 37, '-', '3764703027', 1),
(NULL, 'Analia Belen', 'Almeida', '41503647', 554, 'No declara trabajo', 25, 'Falta Abonar', '3765074509', 1),
(NULL, 'Adriana Beatriz', 'Prestes', '32053067', 555, 'Cuidado del adulto mayor 06 a 12hs', 37, '', '3764102399', 1),
(NULL, 'Cristian Damian', 'Dos Santos', '40337696', 556, 'Repositor - horario mañana y tarde', 26, '', '3764331349', 1),
(NULL, 'Camila Cecilia', 'Cavia', '45133740', 557, 'Secretaria 08 a 18hs', 23, '', '3764735806', 1),
(NULL, 'Ramona Magdalena', 'Miño', '32505794', 558, 'Ama de casa', 36, '', '3764251179', 1),
(NULL, 'Anibal Oscar', 'Ledesma', '34971747', 559, 'Empleado de Comercio 16 a 20hs', 33, 'Falta Foto', '3764181435', 1),
(NULL, 'Anibal Eduardo', 'Rodriguez', '38566887', 560, 'Empleado de Comercio 16 a 20:30hs', 28, 'Falta Foto y P. de Nacimiento', '3764122133', 2),
(NULL, 'Susana', 'Leguizamon', '35456976', 561, 'Policia 06:31 a 13hs', 32, '', '3764526517', 2),
(NULL, 'Eduardo Adrian', 'Piedrabuena', '34395463', 562, 'Personal de Prefectura - horarios rotativos', 34, '', '3764534377', 2),
(NULL, 'Juan Paulo', 'Castillo Rios', '96259675', 563, 'No declara trabajo', 22, '', '3764708386', 1),
(NULL, 'Lisandro Nahuel', 'Febre', '40821556', 564, 'Mantenimiento 08 a 12hs', 26, 'Falta Abonar', '3764759299', 2),
(NULL, 'Julia Elizabeth', 'Doronika', '33736603', 565, 'Profesora - horarios rotativos', 35, '', '3764151589', 1),
(NULL, 'Brian Jesus', 'Sanabria', '38998823', 566, 'Mecanico- horarios rotativos', 28, 'Falta Abonar', '3765100755', 1),
(NULL, 'Lorena Alejandra', 'Cantero', '34449728', 567, 'Niñera 07 a 12hs', 33, '-', '3764627958', 1),
(NULL, 'Andrea Elizabeth', 'Paiva', '36410652', 568, 'Empleado de Comercio 07 a 15hs', 30, '-', '3764696198', 1),
(NULL, 'Mariana Soledad', 'Guerrero', '32036009', 569, 'Policia - horario diurno', 37, '-', '3764656119', 1),
(NULL, 'Maria Fernanda', 'Rivero', '40708062', 570, 'No declara trabajo', 31, '-', '3764874715', 1),
(NULL, 'Ramiro Nahuel', 'Lungo', '43.357.723', 571, 'Lavadero 08 a 17hs', 22, '', '3764783639', 1),
(NULL, 'Tatiana Soledad', 'Lobera', '36.463.125', 572, 'Empleada 07 a 11hs', 28, 'Falta Titulo', '3765304105', 1),
(NULL, 'Lorena Magali', 'Recalde', '41.949.637', 573, 'No declara trabajo', 23, 'Falta Abonar', '3764138951', 1),
(NULL, 'Erika Micaela', 'Altamirano', '42.466.577', 574, 'Prevencion en adicciones', 23, 'Falta Abonar', '3764858387', 2),
(NULL, 'Ana Iris', 'Bobadilla', '30.959.145', 575, 'Asistente Gerontologico 13 a 18hs', 39, '', '3764839018', 2),
(NULL, 'Yanina Yamila', 'Altamirano', '40.334.913', 576, 'Prevencion en adicciones  14 a 19hs', 30, 'Falta Abonar', '3764602664', 2),
(NULL, 'Fiama Soledad', 'Sussini', '36.093.470', 577, 'No declara trabajo', 28, '', '3764282283', 1),
(NULL, 'Ivana Mariel', 'Benitez', '29.769.800', 578, 'Estilista 08 a 14hs', 40, 'Falto Titulo', '3764836055', 2),
(NULL, 'Maria Agustina', 'Gauna', '43.357.547', 579, 'No declara trabajo', 22, '', '3764537856', 1),
(NULL, 'Ezequiel Yonathan', 'Viera', '45.340.497', 580, 'No declara trabajo', 19, '', '3754521149', 2),
(NULL, 'Zamara Ayelen', 'Silva', '46732101', 581, 'No declara trabajo', 18, 'Falta Titulo, Fotos', '3765052187', 2),
(NULL, 'Gabriela Alejandra', 'Ledesma', '32.608.600', 582, 'Repostera 07 a 14hs', 36, '', '3764819579', 2),
(NULL, 'Isabel Noelia', 'Rejalaga', '33.012.647', 583, 'Trabajo Independiente 08 a 20hs', 36, '', '3764197097', 1),
(NULL, 'Gonzalo Ezequiel', 'Garcia', '42.272.531', 584, 'No declara trabajo', 24, 'Falta Abonar', '3764102270', 1),
(NULL, 'Macarena Elizabeth', 'Correa', '39.529.497', 585, 'Maestra de clases de apoyo', 27, 'Falta Abonar y Fotos', '3764385118', 2),
(NULL, 'Yamila Beatriz', 'Blanco', '37.325.372', 586, 'Prof. de educacion fisica 08 a 17hs', 30, 'Falta Foto', '3764580149', 2),
(NULL, 'Cristina Noemi', 'Pereyra', '36.059.361', 587, 'Masoterapeuta 7 a 17hs', 31, '', '3764608182', 2),
(NULL, 'Lucas Ezequiel', 'Vera', '41.694.776', 588, 'Instituto Misionero del Riñon 14 a 22hs', 24, '', '3764215112', 2),
(NULL, 'Sonia Raquel', 'Ramirez', '37.801.135', 589, 'Docente 13:30 a 18:30hs', 29, 'Falta Abonar y Foto', '3764173186', 1),
(NULL, 'Mauro Ivan', 'Rodriguez', '36.411.319', 590, 'Administrativo 13 a 19hs', 31, '', '3764990832', 1),
(NULL, 'Maria Alicia', 'Llamosas', '30687793', 591, 'Acompañamiento terapeutico NO ESPECIFICA ORARIO', 39, 'TRAJO CONSTANCIA DE DOMICILIO', '3786407456', 1),
(NULL, 'Karen Ivana', 'Chagas', '39.225.844', 592, 'Acompañamiento terapeutico - turno tarde', 28, '', '3764513690', 2),
(NULL, 'Milton Augusto', 'Lovera', '41.503.538', 593, 'Cuidador - no menciona horario', 25, '', '3764990461', 1),
(NULL, 'Ludmila Iris', 'Sari Fernandez', '43.071.663', 594, 'No declara trabajo', 22, '', '3764387218', 1),
(NULL, 'Samuel Guillermo', 'Wilke', '41.509.357', 595, 'No declara trabajo', 0, '', '3764111872', 1),
(NULL, 'Cristina Haydee Dolores', 'Careaga', '30.638.543', 596, 'Empleada Domestica - turno mañana', 39, '', '3765129761', 1),
(NULL, 'Noelia Patricia', 'Gallardo', '36.058.092', 597, 'No declara trabajo', 30, 'Falta Abonar', '3764203794', 2),
(NULL, 'Rocio Anahi', 'Valdez', '42.172.404', 598, 'Limpieza 23 a 01hs', 24, 'Falta Abonar', '3764640946', 2),
(NULL, 'Jaquelin Romina', 'Gimenez', '39.221.974', 599, 'No declara trabajo', 28, '', '3764280192', 1),
(NULL, 'Vanesa Soledad', 'Alvarez', '35.456.015', 600, 'No', 33, '', '3764944210', 1),
(NULL, 'Marina Paola', 'Arcel', '', 601, 'Empleada domestica 07 a 14hs', 33, 'Falta abonar', '3765078846', 1),
(NULL, 'Analia Vanesa', 'Pavon', '29.989.652', 602, 'No', 40, 'Falta titulo', '3764342829', 1),
(NULL, 'Yamila Lucia', 'Pereyra', '38.381.614', 603, 'No', 32, '', '3764211816', 2),
(NULL, 'Facundo Hector', 'Del Valle', '42.615.561', 604, 'Diseño 10 a 16', 23, '', '3764500734', 2),
(NULL, 'Facundo Nicolas', 'Nielsen', '46.301.641', 605, 'No', 19, 'Falta Fotos y abonar', '0', 1),
(NULL, 'Ruth Viviana', 'Correa', '30.935.061', 606, 'Docente', 39, 'Falta Fotos', '3764337859', 1),
(NULL, 'Rocio Belen', 'Rotela', '36.058.186', 607, 'Vendedora 08 a 13', 30, '', '3764289455', 1),
(NULL, 'Aldo', 'Alarcon', '31.006.283', 608, 'Independiente', 39, '', '3764671854', 1),
(NULL, 'Monica Alejandra', 'Leon', '22400292', 609, 'Acompañante', 52, 'TRAJO CONSTANCIA DE DOMICILIO', '3765138082', 1),
(NULL, ' Florentina', 'Mereles Fernandez', '', 610, 'No', 40, '', '3764194656', 1),
(NULL, 'Carla Paola', 'Vicente', '34.824.174', 611, 'No', 33, '', '3764158662', 2),
(NULL, 'Nadia Yamila', 'Santo Lombardo', '39.224.253', 612, 'Geriatrico', 28, '', '1125685250', 2),
(NULL, 'Flavia Mabel', 'Blanco', '36.209.649', 613, 'NO', 32, '', '3764715869', 1),
(NULL, 'Blanca Celeste', 'Rodriguez', '46477871', 614, 'No', 18, 'Falta abonar Y TRAJO CONSTANCIA DE DOMICILIO', '3765071673', 1),
(NULL, 'Luciana Itati', 'Lopez', '41.509.226', 615, 'Penitenciaria 07 a 12:30', 25, 'Falta partida de nacimiento', '3764873398', 1),
(NULL, 'Gladis Beatriz', 'Salazar', '', 616, 'Empleada domestica', 21, 'Falta Abonar y partida de nacimiento', '3764884652', 1),
(NULL, 'Duarte Ferreira Diana Raquel', 'Ayala', '30935401', 617, 'Cocina 09 a 13hs', 39, 'Falta Fotos', '3764128541', 1),
(NULL, 'Alejandro Efrain', 'Morinigo', '46.552.087', 618, 'No', 18, 'Falta Fotos', '3764388199', 1),
(NULL, 'Jesica Romina', 'Santa Cruz', '37.705.997', 619, 'Secretaria 06 a 11hs', 29, 'Falta titulo, partida de nacimiento', '3764796085', 2),
(NULL, 'Natalia Carolina', 'Leon', '31.631.800', 620, 'No', 38, '', '3764204646', 1),
(NULL, 'Juan Cruz', 'Ferreira', '43.542.820', 621, 'Empleado de comercio - horario rotativos', 22, '', '3764873305', 2),
(NULL, 'Nicolas Leonardo', 'Martinez', '', 622, 'Repartidor de 07 a 15hs', 30, '', '3764159743', 2),
(NULL, 'Tania Lorena', 'Cabral', '39.219.839', 623, 'No', 28, '', '3765009518', 1),
(NULL, 'Lilian Daniela', 'Duarte', '40.708.686', 624, 'No', 26, 'Falta Fotos', '3751348264', 1),
(NULL, 'Pamela Yosabeth', 'Pereira', '46.390.478', 625, 'No', 18, 'Falta Titulo', '3764251328', 1),
(NULL, 'Mariana Silvina', 'Sapirain', '26.291.952', 626, 'Si, horarios rotativos', 46, '', '3765246840', 1),
(NULL, 'Rosa Itati', 'Mendez', '', 627, 'Empleada Domestica 14 a 18:30hs', 33, '', '3764673414', 1),
(NULL, 'Mario Eduardo', 'Alvarez', '39.945.497', 628, 'Personal de Traslado - horarios rotativos', 28, '', '3764333271', 1),
(NULL, 'Damaris Elizabeth', 'Figueroa', '43.024.022', 629, 'No', 25, '', '3764684816', 1),
(NULL, 'Paola Vanesa', 'Gauna', '27.785.879', 630, 'Penitenciaria 07 a 12:30', 44, '', '3764238153', 1),
(NULL, 'Analia Soledad', 'Rojas', '32.329.510', 631, 'Peluquera - sin horarios', 37, '', '3764684256', 1),
(NULL, 'Renzo Damian', 'Fernandez', '40415273', 632, 'Empleado de 06 a 14hs', 26, 'TRAJO CONSTANCIA DE DOMICILIO', '3764149219', 1),
(NULL, 'Leandra Ines', 'Rossberg', '43.024.568', 633, 'No', 23, '', '3764810027', 2),
(NULL, 'Mateo Federico', 'Salinas', '44.403.382', 634, 'No', 21, '', '3764200454', 2),
(NULL, 'Daianela Gabidait', 'Valenzuela', '40.344.278', 635, 'Cuidados de ancianos 07 a 19 Hs', 27, '', '3764203611', 1);
INSERT INTO `alumno` (`idAlumno`, `nombre_alumno`, `apellido_alumno`, `dni_alumno`, `legajo`, `Trabaja_Horario`, `edad`, `observaciones`, `celular`, `estado`) VALUES
(NULL, 'Josias Joel', 'Valenzuela', '42.466.643', 636, 'Monotributista 07 a 17 Hs', 24, '', '3743507451', 1),
(NULL, 'Aixa Yanet', 'Motta', '43.070.490', 637, 'No', 23, '', '3764184007', 1),
(NULL, 'Alfredo German', 'Fritzen', '26.974.119', 638, 'Seguridad / Salud - Horario rotativo', 45, '', '3764801553', 1),
(NULL, 'Angi Lorena', 'Haedo', '47.889.057', 639, 'No', 20, '', '3765004049', 1),
(NULL, 'Alvez Fabricio Ivan', 'De Olivera Alvez', '46.084.366', 640, 'SI / No especifica', 19, '', '3764825372', 1),
(NULL, 'Norma Melisa', 'Encina', '45.554.667', 641, 'No', 20, '', '3765227357', 1),
(NULL, 'Nora Mabel', 'De Jesus', '29.612.253', 642, 'Mucama 06 a 14 Hs', 41, '', '3764214265', 1),
(NULL, ' Silvia Carina', 'Ramos', '31876523', 643, 'Comerciante 08 a 16 Hs', 0, '', '3764697892', 1),
(NULL, 'Ayelen Martina', 'Alvez', '46834378', 644, 'No', 2024, '-', '3765125699', 1),
(NULL, 'Leonardo Gabriel', 'Ruiz Diaz', '', 645, 'No', 23, '', '3764342704', 1),
(NULL, 'Da Silva Monica Marisol', 'Rodriguez', '38.568.723', 646, 'Ama de casa 08 a 12 y 14 a 19 Hs', 29, 'Falta foto', '3765104043', 1),
(NULL, 'Noelia Elizabet', 'Bobadilla', '34.829.213', 647, 'No', 34, 'Falta titulo Secundario', '3765115830', 1),
(NULL, 'Brenda Ayelen', 'Fernandez', '43.420.866', 648, 'No', 22, 'Falta abonar', '3764642989', 1),
(NULL, 'Maira Carolina', 'Suarez', '36.457.564', 649, 'No', 31, 'Falta foto', '3764151611', 2),
(NULL, 'Lorena Mariana', 'Barraza', '26.754.691', 650, 'Gastronomica', 45, '', '3816123306', 1),
(NULL, 'Daniela de los Angeles', 'Franco', '41.631.627', 651, 'No', 25, 'Falta abonar', '3764103964', 2),
(NULL, 'Mathias Leandro', 'Ferraz', '45.791.081', 652, 'No', 20, 'Falta abonar / Foto', '3764-570101', 1),
(NULL, 'Maria del Carmen', 'Romero', '', 653, 'No especifica 08 a 14 Hs', 21, 'pago', '', 1),
(NULL, 'Constanza', 'Nuñez', '46.853.030', 654, 'No', 18, '', '3764-314317', 1),
(NULL, 'Victoria Amelia', 'Reyna', '31.262.803', 655, 'No', 39, '', '3764-727670', 1),
(NULL, 'Franco Damian', 'Humeniuk', '41502552', 656, 'Servicio Penitenciario no especifica Hs', 24, 'Falta foto', '3764-338138', 1),
(NULL, 'Yanira Candela', 'Amarilla', '45.843.005', 657, 'Empleada domestica 06:30 a 12:30 Hs', 22, '', '3764-899540', 1),
(NULL, 'Karina Elizabeth', 'Ocampo', '36.408.336', 658, 'Adminitracion 07:30 a 16:30 Hs', 27, 'Cambiar en el legajo de AT a enfermeria', '3764-126317', 1),
(NULL, 'Marta Mabel', 'Barbaro', '44.529.304', 659, 'No', 21, 'Falta titulo secundario', '3755-444468', 1),
(NULL, 'Cristian Ariel', 'Soto', '34.897.173', 660, 'Auxiliar Enfermeria 06 a 14 Hs', 33, '', '3764-360559', 1),
(NULL, 'Cristian', 'Stein', '44278448', 661, 'Automatizacion y Robotica', 21, '', '', 1),
(NULL, 'Gilda Emilce', 'Tornese', '42.223.068', 662, 'No', 26, '', '3764-643721', 1),
(NULL, 'Maria Macarena', 'Vallejos', '', 663, 'No', 25, 'Falta abonar', '', 1),
(NULL, 'Veronica Adriana', 'Ayala', '39.820.273', 664, 'Peluquera - sin horarios', 28, 'Falta foto', '3765-141313', 1),
(NULL, 'Mariana Maricel', 'Duarte', '4505283', 665, 'No', 0, 'TRAJO CONSTANCIA DE DOMICILIO', '', 1),
(NULL, 'Miguel Angel', 'Cabral', '', 666, 'Albañil 08 a 13 Hs', 28, 'Falta foto / Abonar', '', 1),
(NULL, 'Florencia Gisel', 'Acuña', '37.159.230', 667, 'No', 31, '', '3765-366538', 1),
(NULL, 'Milagros Maileen', 'Bouix', '40.044.169', 668, 'No', 27, 'Falta abonar', '3765-067523', 1),
(NULL, 'Carina Elizabet', 'Guidek', '37.583.870', 669, 'No', 31, 'Falta Fotos', '3765-136013', 1),
(NULL, 'Giulisa Magali', 'Peralta', '41.091.599', 670, 'No', 26, 'Falta Abonar y 1 Foto', '3764-668484', 2),
(NULL, 'Juan Ignacio', 'Prieto', '33.486.591', 671, 'Agente Sanitario 07 a 13hs', 36, '', '3764-837635', 1),
(NULL, 'Lautaro Joaquin', 'Davila', '46.552.839', 672, 'No', 19, 'Falta Abonar', '3765-146532', 1),
(NULL, 'Keila Yazmin', 'Navarro', '44.952.560', 673, 'No', 22, 'Falta Fotos', '3764-679810', 1),
(NULL, 'Alejandro Raul', 'Nielsen', '42.811.709', 674, 'Particular 16 a 19hs', 23, 'Falta Abonar', '3764-522683', 2),
(NULL, 'Damaris Elizabeth', 'Perez', '', 675, 'Panaderia 07 a 14hs', 24, '', '', 1),
(NULL, 'Marcela Beatriz', 'Nuñez', '34.365.080', 676, 'Acompañante terapeutico 14 a 18:30hs', 32, 'Falta Abonar', '3765-011455', 2),
(NULL, 'Rita Belen', 'Zarza', '', 677, 'No', 29, 'Falta 1 foto', '', 1),
(NULL, 'Andrea Evangelina', 'Ojeda', '33.791.776', 678, 'No', 36, 'Falta abonar', '3764-129496', 1),
(NULL, 'Silvia Natalia', 'Rivero', '26.623.502', 679, 'Monotributista no especifica', 46, '', '3764-654238', 1),
(NULL, 'Silvia Raquel', 'Azarmendia', '28.466.304', 680, 'No', 43, '', '3764-494784', 1),
(NULL, 'Yenifer Caterina', 'Gomez', '40.339.973', 681, 'Niñera 06 a 18 Hs', 26, '', '3765-039171', 1),
(NULL, 'Maira Danila', 'Romadiuk', '42.288.394', 682, 'Servicio Penitenciario 06:30 a 12:30 Hs', 24, '', '3764-131780', 1),
(NULL, 'Daiana Maylen', 'Vergara', '39.188.731', 683, 'NO', 29, 'Falta Abonar', '3764-584528', 1),
(NULL, 'Daniela Rocio', 'Vera', '33.954.835', 684, 'No', 34, '', '114328757', 1),
(NULL, 'Dora Mabel', 'Hreniszen', '', 685, 'No especifica, Horarios Rotativos', 57, '', '', 1),
(NULL, 'Rosa Daiana', 'Gutierrez', '39.221.670', 686, 'Agente Sanitario, 12:00 a 17:00hs', 29, '', '3764-848401', 1),
(NULL, 'Victoria Yanina', 'Villareal', '32.329.448', 687, 'Acompañante Terapueitoc, No especifica horario', 38, '', '3764-381961', 2),
(NULL, 'Fiorella Lucia', 'Campuzano', '46.301.619', 688, 'Niñera 6:30 a 14:00hs', 20, 'Falta titulo', '3764-910991', 1),
(NULL, 'Dennis Jhons', 'Lopez', '46.784.868', 689, 'Limpieza 07:00 a 11:00hs', 20, '', '3764-670767', 1),
(NULL, 'Marisol Daiana', 'Caballero', '41.503.204', 690, 'No', 26, '', '3765-061073', 1),
(NULL, 'Mariela Mirta', 'Fernandez', '30.578.503', 691, 'no especifica 06 a 14 Hs', 41, '', '3764-969145', 1),
(NULL, 'Melisa Tatiana', 'Caballero', '38.382.049', 692, 'Atencion al publico 07 a 14 Hs', 30, '', '3764-622518', 1),
(NULL, 'Aixa Ameli', 'Nuñez', '46.854.897', 693, 'No', 18, '', '3764-697605', 1),
(NULL, 'Amira Florencia', 'Vazquez', '38.139.528', 694, 'Administrativo no especifica', 30, '', '3764-107352', 1),
(NULL, 'Arnaldo Ezequiel', 'Monges', '40.897.528', 695, 'Promotor de Salud no especifica', 26, '', '3764-157134', 1),
(NULL, 'Ailin', 'Alvarez', '35.487.438', 696, 'Maestra Integradora 08:00 a 12:00 - 13:00 a 17:00hs', 31, '', '3764-657354', 1),
(NULL, 'Maria Belen', 'Mieres', '39.192.693', 697, 'No especifica 08:00 a 17:00hs', 28, 'Falta Foto', '3765-238544', 1),
(NULL, 'Cesia Micaela', 'Padilla', '39.638.572', 698, 'No', 28, 'Falta Foto', '3765-070267', 1),
(NULL, 'Carmen Graciela', 'Alvarez', '39.228.660', 699, 'No', 28, '', '3764-724727', 1),
(NULL, 'Florencia Paula', 'Boveda', '39222015', 700, 'Operativo de salud ', 28, '-', '3764414042', 1),
(NULL, 'Elcira Patricia', 'De Olivera', '32609046', 701, 'No', 0, '', '3764155074', 1),
(NULL, 'Guillermo Daniel', 'Ribeiro', '45.603.048', 702, 'Cuidado de Adultos. 08:00 a 12:00hs', 22, '', '3765-245618', 1),
(NULL, 'Jaqueline Lucero', 'Sapirain', '', 703, 'No', 30, 'Falta Foto', '', 1),
(NULL, 'Denize Guisell', 'Nardes', '43.071.700', 704, 'No', 23, '', '3764-240708', 1),
(NULL, 'Valeria Itati', 'Benitez', '42.762.348', 705, 'Secretaria 13:00 a 19:00hs', 24, '', '3764-589680', 1),
(NULL, 'Iara Rosio', 'Fernandez', '', 706, 'No', 20, '', '', 1),
(NULL, 'Gaston Alexander', 'Rotela', '32.329.668', 707, 'No', 38, '', '3764-823748', 1),
(NULL, 'Grabiela Alejandra', 'Esquivel', '28.957.932', 708, 'No', 43, 'Falta Titulo', '3764-671595', 1),
(NULL, 'Barbara Elizabeth', 'Ruiz Diaz', '27.233.599', 709, 'No', 45, 'Falta Titulo, Foto, Abonar', '3764-628029', 1),
(NULL, 'Yanina Vanesa', 'Acosta', '', 710, 'Cajera 07:00 a 14:00hs', 30, 'Falta Titulo, Foto, Abonar,', '', 1),
(NULL, 'Leonardo Agustin', 'Bareiro', '46.390.406', 711, 'No', 22, 'Falta Titulo', '3764-184742', 1),
(NULL, 'Luciana Beatriz', 'Peralta', '23.218.774', 712, 'Empleada publica 06 a 12 Hs', 51, '', '3764-677920', 1),
(NULL, 'Leandro Nahuel', 'Diaz', '44.987.677', 713, 'No', 21, '', '3764-225492', 1),
(NULL, 'Brisa Antonella', 'Castaño', '45.133.701', 714, 'No', 21, '', '3765-131557', 2),
(NULL, 'Rocio Belén', 'Castaño', '40.344.073', 715, 'No', 27, '', '3764-165243', 2),
(NULL, 'Camila Elizabeth', 'Pedrozo', '37590396', 716, 'Empleada domestica no especifica', 31, '-', '33', 1),
(NULL, 'Angel Ihara', 'Ogle', '46.086.629', 717, 'Niñera 14:30 a 18:30 Hs', 20, 'Falta titulo', '3765-111024', 1),
(NULL, 'Claudia Rita Irene', 'Karabin', '29.895.748', 718, 'No', 42, 'Falta abonar', '3764-842497', 2),
(NULL, 'Perla Romina', 'Ayala', '34.332.002', 719, 'No', 35, 'Falta Abonar y Fotos', '3764-803523', 1),
(NULL, 'Dalmira Yazmin', 'Franco', '43.944.786', 720, 'Niñera 13 a 18hs', 23, 'Falta Abonar', '3764-195389', 1),
(NULL, 'Maria Rocio de los Angeles', 'Irala', '31.629.088', 721, 'Administrativa 07 A 13', 39, 'Falta Fotos', '3764-326221', 2),
(NULL, 'Maria de los Angeles', 'Bernal', '34.451.100', 722, 'Ama de Casa', 33, '', '3764-397617', 1),
(NULL, 'Nancy Anabella', 'Cardozo', '28.895.975', 723, 'Niñera 11 a 18hs', 42, '', '3764-869760', 1),
(NULL, 'Jesica Daiana', 'Rivero', '36.410.624', 724, 'Empleada Domestica 16 a 19', 31, '', '3765-038584', 1),
(NULL, 'Rosario Guadalupe', 'Ledesma', '41.501.503', 725, 'Niñera', 26, 'Falta Fotos', '3764-687064', 2),
(NULL, 'Andrea Lorena', 'Gadea', '39.944.279', 726, 'Estetica 08 a 17hs', 28, 'Falta Fotos', '3764-811584', 1),
(NULL, 'Carlos Fabian', 'Soto', '', 727, 'Operario 13 a 18hs', 36, 'Falta Foto y Abonar', '', 1),
(NULL, 'Guido Anibal Martin', 'Benitez', '32.608.615', 728, 'No especifica - 07:30 a 12:30', 37, '', '3764-112335', 1),
(NULL, 'Maria Eva', 'Duarte', '34.260.289', 729, 'Empleada domestica 07 a 15 Hs', 40, '', '3764-739313', 1),
(NULL, 'Rosana', 'Ñambi', '36.410.238', 730, 'Mucama rotativos', 39, '', '3764-537594', 1),
(NULL, 'Carla Ximena', 'Almada', '31.361.548', 731, 'Comerciante 10 a 14 Hs', 39, '', '3764-329799', 2),
(NULL, 'Evelyn Oriana', 'Aquino', '39.224.511', 732, 'Apoyo escolar 13 a 17 Hs', 28, 'Falta foto / Abonar', '3764-199915', 1),
(NULL, 'Zunilda Alejandra', 'Bogado', '39.819.842', 733, 'Cuidadora 06 a 14 Hs', 28, '', '3764-131474', 1),
(NULL, 'Emilda Haideé', 'Alvarenga', '25.949.016', 734, 'No', 47, '', '3764-359920', 1),
(NULL, 'Sergio Ricardo', 'Aguirre', '', 735, 'Empleado Publico 06:30 a 12:30 Hs', 51, 'Falta foto', '', 1),
(NULL, 'Laura Valeria', 'Cristaldo', '33.604.880', 736, 'No', 36, 'Falta abonar', '3764-120061', 1),
(NULL, 'Llanes Adrian', 'Giaconi Llanes', '45.790.612', 737, 'No', 20, '', '3764-710782', 1),
(NULL, 'Patricia Angelica', 'Insfran', '34.008.765', 738, 'Niñera Rotativo', 37, '', '3764-623712', 1),
(NULL, 'Natalia Noemi', 'Recalde', '24.509.179', 739, 'Acompañante Rotativo', 48, 'Falta abonar', '3765-030815', 1),
(NULL, 'Mirian Ester', 'Fretes', '25.719.896', 740, 'Servicio Penitenciario 06:30 a 12:30 Hs', 47, '', '3764-543056', 1),
(NULL, 'Yohana Belen', 'Fernandez', '38.565.990', 741, 'Servicio de eventos 06 a 18hs', 29, '', '3764-383870', 2),
(NULL, 'Fabiana Gabriela', 'Peralta', '34.332.134', 742, 'Estetica', 34, '', '3764-571355', 1),
(NULL, 'Griselda Soledad', 'Montenegro', '22143949', 743, 'Empleada Publica 06 a 12 Hs', 53, '-', '33', 1),
(NULL, 'Cecilia Daiana', 'Gonzalez', '43419119', 744, 'No', 32, 'Falta Abonar', '33', 1),
(NULL, 'Juan Manuel', 'Rebatta', '36.063.828', 745, 'Encargado de Fabrica 07 a 17 Hs', 31, '', '3764-803852', 1),
(NULL, 'Ileana Yamila', 'Rojas', '39.043.726', 746, 'No', 29, 'Falta foto / abonar', '3764-292389', 2),
(NULL, 'Andrea Elizabeth', 'Jara', '36.058.174', 747, 'Acompañante terapeutico Rotativo', 31, '', '3765-009039', 1),
(NULL, 'Clara Elizabeth', 'Chavez', '34.367.046', 748, 'No especifica', 34, 'Falta abonar', '3755-668580', 2),
(NULL, 'Andrea Macarena', 'Salazar', '40.655.228', 749, 'No especifica', 31, 'Falta foto', '3765-238456', 1),
(NULL, 'Pablo Armando', 'Insaurralde', '37.591.558', 750, 'Empleado de comercio 06 a 18 Hs', 31, '', '3764-996067', 2),
(NULL, 'Juan Pablo', 'Corvalan Lopez', '44.772.694', 751, 'Encargado de Gimnasio Rotativo', 21, 'Falta foto / falta titulo', '3764-281683', 2),
(NULL, 'Lady Tatiana', 'Maya Usma', '95.453.224', 752, 'Municipal 15 a 21 Hs', 38, 'Falta abonar (1000 $)', '3764-235717', 1),
(NULL, 'Julieta Belen', 'Viera', '39.530.243', 753, 'Uber Rotativo', 29, 'Falta abonar', '3764-192278', 1),
(NULL, 'Yesica Beatriz', 'Severo', '42084896', 754, 'Acompañante terapeutica Rotativos', 25, 'TRAJO CONSTANCIA DE DOMICILIO', '', 1),
(NULL, 'Diana Deolina', 'Nuñez', '29.441.566', 755, 'Manicura 16 a 19 Hs', 42, 'Falta Titulo / Foto', '3764-371023', 1),
(NULL, 'Alejandra Soledad', 'Ortellado', '', 756, 'No', 23, 'falta 1 foto', '', 1),
(NULL, 'Pamela Noemi', 'Gonzales', '37.583.743', 757, 'No', 31, '', '3764-871123', 1),
(NULL, 'Estefania de Jesus', 'Gimenez', '', 758, 'Gastronomica no especifica', 35, 'Falta titulo', '', 1),
(NULL, 'Rosana Vanesa', 'Alvarez', '34.086.454', 759, 'No', 35, '', '3764-561207', 1),
(NULL, 'Yesica Beatriz', 'Benitez', '45.221.504', 760, 'Acompañante terapeutico 07 a 18 Hs', 21, '', '3764-101576', 1),
(NULL, 'Silvana Guadalupe', 'Maciel', '41.615.232', 761, 'Cuidados de ancianos 08 a 14 Hs', 36, '', '3764-115888', 2),
(NULL, 'Johana Magali', 'Lima', '46729693', 762, 'No', 19, 'Falta titulo (Trajo constancia de T. Tramite)', '33', 1),
(NULL, 'Sonia de las Nieves', 'Ulino', '31.691.680', 763, 'Empleada Judicial 06 a 12:30 Hs', 41, '', '3764-845172', 2),
(NULL, 'Nadia Magali', 'Feltan', '39723244', 764, 'Acompañante terapeutica 07 a 13 Hs', 0, '', '33', 1),
(NULL, 'Ariana Paola', 'Espindola', '29.727.317', 765, 'Servicio Domestico 08 a 13 Hs', 42, '', '3764-174111', 1),
(NULL, 'Carmen Lorena', 'Fleitas', '32.435.614', 766, 'Auxiliar Enfermeria Rotativos', 38, '', '3764-853284', 1),
(NULL, 'Cristina Noelia', 'Aquino', '33.486.478', 767, 'Agente Policia 07 a 13 Hs', 37, '', '3764-903399', 2),
(NULL, 'Victor Fabian', 'Ojeda', '28.827.352', 768, 'Mantenimiento / no especifica', 43, '', '3764-106963', 2),
(NULL, 'Vanesa Abigail', 'Aldana', '46.240.916', 769, 'No', 21, 'Falta titulo (Trajo constancia de T. Tramite)', '3764-277277', 1),
(NULL, 'Elida Beatriz', 'Galarza Ferreira', '94927043', 770, '', 42, 'TRAJO CONSTANCIA DE DOMICILIO', '', 1),
(NULL, 'Guadalupe Magali', 'Rodriguez', '44841853', 771, 'No', 21, 'TRAJO CONSTANCIA DE DOMICILIO', '', 1),
(NULL, 'Nicole Elizabeth', 'Petiton', '45.840.532', 772, 'No', 21, '', '3765-132766', 1),
(NULL, 'Yenifer Yanet', 'Suarez', '44.149.704', 773, 'Militar 05 a 15 Hs', 23, '', '3765-096071', 2),
(NULL, 'Veronica Gisel', 'Gonzalez', '34362445', 774, 'Conductora Hs Rotativos', 35, '-', '33', 1),
(NULL, 'Valentina de Jesus', 'Aguirre', '46.165.676', 775, 'Niñera no especifica', 21, 'Falta titulo', '3765-370362', 1),
(NULL, 'Julian Andrés', 'Pereira', '41878135', 776, 'Servicio de Mant. y Limpieza 06:00 a 14:30hs', 24, '-', '33', 1),
(NULL, 'Jorge Roberto', 'Sari', '20.356.343', 777, 'Analista de sistemas 08:00hs a 16:00hs', 55, '', '3764-387214', 2),
(NULL, 'Natalia Noemi', 'Silva', '34.896.040', 778, 'No declara trabajo', 30, '', '3764-661607', 1),
(NULL, 'Maria Hilda', 'Aranda', '25.637.014', 779, 'Mucama. horarios rotativos', 47, '', '3764-230612', 1),
(NULL, 'Sandra', 'Padilha', '37.219.112', 780, 'Empleada ... 09:00 a 17:00hs', 31, 'Falta Titulo', '3764-963866', 1),
(NULL, 'Gabriela Camila', 'Temperley', '43.701.803', 781, 'No declara trabajo', 22, '', '3764-363535', 2),
(NULL, 'Marisa Paola', 'Lopez', '32.229.608', 782, 'Peluqueria 08:00 a 13:00hs', 37, '', '3764-196961', 1),
(NULL, 'Maria Belen', 'Balbuena', '41.700.167', 783, 'No declara trabajo', 24, 'Falta Abonar', '3765-128153', 1),
(NULL, 'Daiana Liz De Los Angeles', 'Sanchez', '3445022', 784, 'Empleada Domestica 13:00 a 16:00hs', 34, 'TRAJO CONSTANCIA DE DOMICILIO', '', 1),
(NULL, 'Monica Beatriz', 'Castilo', '25.489.142', 785, 'Empleada Domestica- no declara horario', 47, 'Falta foto, analitico, abonar y Constancia de CUIL', '3764-628214', 2),
(NULL, 'Raquel Analía', 'Gómez', '30.929.607', 786, 'Docente 13:00 a 17:15hs', 39, '', '3764-144755', 1),
(NULL, 'Mercedes Beatriz', 'Coceres', '31.788.081', 787, 'Cuidadora de Adultos. Rotativos (06-14)o(22-06)', 38, 'Falta Partida de Nacimiento', '3765-103320', 1),
(NULL, 'Dario Michel', 'Da Rosa', '', 788, 'Militar Horarios Rotativos', 22, '', '', 1),
(NULL, 'Celina Beatriz ', 'Gonzalez ', '18033649', 789, 'Atencion Adulto Mayor 08:00 a 12:30hs ', 0, 'Trajo el legajo a Fines de 2023', '33', 1),
(NULL, 'Luciano Ariel', 'Alfonso', '46.338.089', 790, 'No', 18, '', '3764-144076', 2),
(NULL, 'Norma Susana', 'Aquino', '30.792.718', 791, 'No', 39, '', '3764-678079', 2),
(NULL, 'Dahiana Marisol', 'Gonzalez', '39.526.954', 792, 'No', 27, 'Falta Abonar', '3764-289036', 1),
(NULL, 'Agustina Magali', 'Gonzalez', '44.280.427', 793, 'Niñera', 21, 'Falta Abonar', '3755-699490', 1),
(NULL, 'Do Nacimento Giannina', 'Rodriguez Do Nacimento', '41.091.036', 794, 'No', 25, '', '3764-638820', 1),
(NULL, 'Karen Antonella', 'Rodriguez', '40.840.131', 795, 'Oficios Varios 16 a 22hs', 31, '', '3764-690214', 1),
(NULL, 'Pablo Fernando', 'O\'conner', '44.699.227', 796, 'No', 20, '', '3764-876762', 1),
(NULL, 'Nadia Mabel', 'Cabrera', '31.911.415', 797, 'No', 38, '', '3765-225640', 1),
(NULL, 'Rocio Belen', 'Fleitas', '34.897.014', 798, 'Niñera 06 a 13hs', 33, '', '3765-171321', 1),
(NULL, 'Leticia Mabel', 'Baez', '37.583.046', 799, 'No especifica 08 a 18hs', 30, '', '3764-658690', 1),
(NULL, 'Evelyn Juana', 'Enke', '', 800, 'Auxiliar de Enfermeria', 28, '', '', 1),
(NULL, 'Ayelen', 'Riveros', '', 801, 'No', 25, 'Falta legalizar el titulo', '', 1),
(NULL, 'Carmen Noemi', 'Mereles Velazquez', '94.596.617', 802, 'Comercio turno mañana', 39, '', '3764-523554', 1),
(NULL, 'Jacqueline Soledad', 'Fernandez', '43.945.481', 803, 'Personal Trainer 14 a 18hs', 21, '', '3764-124326', 1),
(NULL, 'Tamara', 'Maidana', '31.110.978', 804, 'Acompañante Terapeutico 10 a 12hs', 38, '', '3764-925245', 1),
(NULL, 'Nathacha Magali', 'Slabcow', '38.775.735', 805, 'No', 26, '', '3764-196879', 1),
(NULL, 'Maria Belen', 'Sanguina', '44.772.621', 806, 'Limpieza 07:30 a 12:30hs', 22, 'Falta Abonar', '3765-140274', 1),
(NULL, 'Angeles Sofia', 'Lenguaza', '40.006.769', 807, 'Acompañante Terapeutico', 27, 'Falta Abonar', '3764-286011', 1),
(NULL, 'Julieta Guadalupe', 'Rodriguez', '41.761.090', 808, 'No', 24, 'Falta Abonar', '3764-781810', 1),
(NULL, 'Silvana Olga', 'Bernal', '45.027.162', 809, 'No', 20, '', '3764-186247', 1),
(NULL, 'Norma Beatriz', 'Peña', '23349600', 810, 'Auxiliar de Enfermeria', 50, 'Falta Titulo y Partida de Nacimineto', '33', 1),
(NULL, 'Antonella Marilin', 'Balbuena', '37.589.991', 811, 'No', 30, 'Falta Abonar', '3765-102519', 1),
(NULL, 'Maria Jose', 'Fleitas Penayo', '19.109.418', 812, 'Administrativo 06 a 14hs', 40, '', '3764-500979', 1),
(NULL, 'Paola Soledad', 'Castillo', '43.331.097', 813, 'No declara trabajo', 22, 'Falta Abonar', '3764-669240', 2),
(NULL, 'Iris Vanesa', 'Rodriguez', '30.398.214', 814, 'Maestra Jardinera 07 a 12hs', 40, '', '3764-605869', 1),
(NULL, 'Flavia Belen', 'Franco', '40.926.390', 815, 'No especifica 06 a 16hs', 26, '', '3765-136636', 1),
(NULL, 'Horacio Miguel', 'Sarmiento', '29.079.353', 816, 'Paramedico 07 a 18hs', 42, '', '3765-039465', 1),
(NULL, 'Rocio Belen', 'Gauto', '41.114.194', 817, 'No', 25, '', '3764-359839', 1),
(NULL, 'Taiana Margarita', 'Escurra', '37.583.708', 818, 'No', 30, '', '3764-252002', 2),
(NULL, 'Rocio Melina', 'Pereira', '32.735.525', 819, 'Empleada 06 a 12hs', 37, '', '3764-585740', 1),
(NULL, 'Eliana Elisabet', 'Morel', '28.304.131', 820, 'Asistente en Gerontologia 06 a 14hs', 43, '', '3764-600632', 1),
(NULL, 'Zulma Viviana', 'Pintos', '32.179.693', 821, 'Comerciante 07 a 12hs', 37, 'Falta Abonar', '3764-332751', 1),
(NULL, 'Katerin Julieta', 'Garcia', '45.775.890', 822, 'No', 20, 'Falta Fotos y Abonar', '3765-075613', 2),
(NULL, 'Aline', 'Nuñez', '46.784.665', 823, 'Comercio 08 a 13', 18, 'Falta Titulo', '3755-530770', 1),
(NULL, 'Patricia Lorena', 'Roa', '26.292.301', 824, 'At - horarios rotativos', 46, '', '3764-228407', 1),
(NULL, 'Rosa Ines', 'Gamarra', '33.408.419', 825, 'No', 35, '', '3764-229115', 1),
(NULL, 'Claudia Carolina', 'Rolon', '27.267.680', 826, 'Comerciante 08 a 12, 16 a 21hs', 44, '', '3764-711904', 1),
(NULL, 'Lautaro Sebastian', 'Roa', '46.241.089', 827, 'Mantenimiento de espacios verdes 06:30 a 14:30', 18, '', '3764-687320', 1),
(NULL, 'Maria Belen', 'Llanes', '', 828, 'No', 0, '', '', 1),
(NULL, 'Monica Andrea', 'Noguera', '33.727.090', 829, 'No', 35, '', '3764-516240', 1),
(NULL, 'Lucas Ezequiel', 'Acosta', '36.268.347', 830, 'Si, pero no especifica', 31, 'Falta Titulo', '3764-642835', 1),
(NULL, 'Nicolas Alejandro', 'Acuña', '36.409.142', 831, 'Camillero 06 a 14hs', 32, '', '3764-617000', 1),
(NULL, 'Sebastian Santiago', 'Ibañez', '44.294.000', 832, 'No', 21, 'Falta Titulo', '3765-151999', 2),
(NULL, 'Sergio Alfredo', 'Ibañez', '44.293.999', 833, 'No', 21, 'Falta Titulo', '3765-145439', 1),
(NULL, 'Rosario Itati', 'Ibañez', '40.777.817', 834, 'No', 26, '', '3764-166143', 1),
(NULL, 'Victoria Maria Luz', 'Godoy', '36.408.764', 835, 'No', 27, '', '3764-991842', 1),
(NULL, 'Valeria Itati', 'Machuca', '32.228.375', 836, 'No', 37, '', '3764-586089', 1),
(NULL, 'Fabrizio Nicolas', 'Callejo', '38.148.888', 837, 'Construccion 07 a 18hs', 30, '', '3764-882084', 1),
(NULL, 'Rafael Hernan', 'Zissu', '30609104', 838, 'Empleado Publico', 37, '-', '33', 1),
(NULL, 'Sofia Antonela', 'Balbuena', '', 839, 'Si, pero no especifica', 20, 'Falta Titulo', '', 2),
(NULL, 'Brisa Belen', 'Escobar', '42715478', 840, 'Acompañante terapeutico 17:00 a 20:00hs TRAJO CERTIFICADO DE DOMICILIO Y CONSTANCIA DE TRABAJO ', 0, 'Fotos', '', 2),
(NULL, 'Sergio Anibal', 'Gonzalez', '32.297.783', 841, 'Policia 07hs-12hs', 37, '', '3764-375653', 1),
(NULL, 'Jorge Ruben', 'Riquelme', '31.104.584', 842, 'Prefectura', 39, '', '3772-525527', 2),
(NULL, 'Romina Magali', 'Ramos', '44.150.720', 843, 'Personal de Hoteleria 14 a 22hs', 22, '', '3764357028', 1),
(NULL, 'Cintia Noelia', 'Gauna', '31.220.217', 844, 'Empleada Administrativa 07 a 13hs', 39, '', '3764-237463', 1),
(NULL, 'Celina Juana', 'Villalba', '28.704.531', 845, 'No', 42, '', '3765-122947', 1),
(NULL, 'Rodrigo Roman', 'Romero', '45.789.265', 846, 'No', 19, '', '3764-623921', 1),
(NULL, 'Rosa Nelida', 'Rivero', '32.608.761', 847, 'Comerciante 15 a 17:30hs', 36, 'Falta Partida de Nacimiento', '3765-149344', 1),
(NULL, 'Mercedes Isabel', 'Hartmann', '31.629.382', 848, 'Podologa 14 a 21hs', 38, '', '3764-655331', 1),
(NULL, 'Carim Araceli', 'Romero', '44.073.735', 849, 'no', 19, '', '3764-225009', 1),
(NULL, 'Eimy de las Nieves', 'Dos Santos', '40.197.689', 850, 'No', 26, '', '3764-725435', 1),
(NULL, 'Jovanela Judyd', 'Gunzel', '46.732.172', 851, 'No', 18, 'TrajoConstancia', '3764-812323', 1),
(NULL, 'Veronica Natalia', 'Gunzel', '31.880.641', 852, 'Agente Sanitario', 42, '', '3764-373296', 1),
(NULL, 'Fatima Guadalupe', 'Frutos', '42.240.815', 853, 'No', 24, '', '3764-633893', 1),
(NULL, 'Miriam Sandra', 'Uribe Vasquez', '23.943.287', 854, 'No', 49, '', '3764-231927', 1),
(NULL, 'Margarita Belen', 'Romero', '40.194.451', 855, 'Atencion al publico 09 a 17:30', 26, '', '3765-062079', 1),
(NULL, 'Maira Belen', 'Gonzalez', '42.614.902', 856, 'Si, 06 a 22hs', 24, '', '3765-127972', 1),
(NULL, 'Noelia Beatriz', 'Mernes', '32.297.872', 857, 'No', 37, '', '3764-395399', 2),
(NULL, 'Maria del Rosario', 'Mussart', '46.731.826', 858, 'Cuidados de ancianos - horarios rotativos', 30, '', '3765-025813', 1),
(NULL, 'Luisana Magali', 'Alvez', '46.978.017', 859, 'No', 18, '', '3765-101661', 1),
(NULL, 'Cristina Isabel', 'Marquez de Menezes', '41.933.764', 860, 'Empleada Domestica 13 a 16hs', 24, '', '3765-382183', 1),
(NULL, 'Maria Denise', 'Almiron', '27.650.126', 861, 'Operadora de emergencias medicas- h. rotativos', 44, 'Falta Abonar', '3764-736488', 1),
(NULL, 'Analia Itati', 'Ojeda', '38778118', 862, 'Vendedora', 0, 'TRAJO CONSTANCIA DE DOMICILIO', '0', 1),
(NULL, 'Rina Belen', 'Zarza', '35.328.303', 863, 'No', 34, 'Falta Foto', '3764-759365', 1),
(NULL, 'Victoria', 'Romero Canteros', '44.089.683', 864, 'Cuidado de Adultos. 17 a 20:00hs', 23, '', '3795-577165', 1),
(NULL, 'Sara Ailin', 'Rios', '44987889', 865, 'No', 21, 'Falta abonar Y TRAJO CONSTANCIA DE DOMICILIO', '', 1),
(NULL, 'Ramona Griselda', 'Roman', '33.143.363', 866, 'No', 36, 'Falta abonar', '3765-066171', 1),
(NULL, 'Maria de los Angeles', 'Brignole', '40.342.067', 867, 'Atencion al cliente 14 a 20 Hs', 27, 'Falta Partida', '3764-839863', 1),
(NULL, 'Gerardo Javier', 'Ruiz Diaz', '41.498.575', 868, 'No', 26, 'Falta Titulo/ Abonar', '3782-466789', 1),
(NULL, 'Ester Yosabet', 'Zakovich', '46.390.631', 869, 'No', 20, 'Falta 1 foto', '3765-160780', 1),
(NULL, 'Yamila Micaela', 'Antunez', '42.085.215', 870, 'No', 25, '', '3764-377314', 1),
(NULL, 'Dante Ezequiel', 'Acuña Almada', '46.785.201', 871, 'No', 19, 'Falta abonar', '3764-670038', 1),
(NULL, 'Victor Hugo', 'Vera', '29.138.747', 872, 'Chofer No especifica', 42, '', '3764-157459', 1),
(NULL, 'Gisella Noemi', 'Almada', '45.135.098', 873, 'No', 21, 'Falta Abonar', '3765-129914', 1),
(NULL, 'Carlos Alberto', 'De jesus', '28354702', 874, 'Administrativo 06 a 14hs', 43, '-', '33', 1),
(NULL, 'Carolina Isabel', 'Ramirez', '39.219.851', 875, 'No', 29, '', '3764-127119', 1),
(NULL, 'Debora Esther', 'Ayala', '41.901.234', 876, 'Acompañante terapeutico Rotativo', 25, 'Falta Abonar / Cuil', '0', 1),
(NULL, 'Damian Nicolas', 'Medina', '44.150.667', 877, 'No', 22, '', '3764-235279', 1),
(NULL, 'Maria Cecilia', 'Gomez', '30.959.056', 878, 'Administrativa 07 A 13', 40, 'Falta Abonar', '3764-158516', 1),
(NULL, 'Gonzalo Sebastian', 'Baez', '46.854.817', 879, 'No', 18, '', '2974117843', 1),
(NULL, 'Isabel Cecilia', 'Mareco', '27.456.464', 880, 'Cuidados - horarios rotativos', 45, '', '3764-156825', 1),
(NULL, 'Dana Ayelen', 'Arrua', '42.172.134', 881, 'No', 25, 'Falta Titulo', '3765-098595', 1),
(NULL, 'Braian Andres', 'Mereles', '43.153.461', 882, 'No', 23, 'Falta Titulo', '3764-172946', 1),
(NULL, 'Soledad Isabel', 'Osorio', '46.390.972', 883, 'No', 21, '', '3764-100015', 1),
(NULL, 'Rocio Soledad', 'Gimenez', '45.390.533', 884, 'Niñera', 22, '', '3764-215578', 1),
(NULL, 'Lara Austina Salome', 'Bulfe', '46.832.222', 885, 'No', 19, 'Titulo en tramite', '3755-231311', 1),
(NULL, 'Liz Araceli', 'Olivera', '44.390.836', 886, 'At - horarios rotativos', 22, 'Falta Titulo', '3764-148486', 2),
(NULL, 'Natalia Beatriz', 'Rodriguez', '31.911.477', 887, 'Adminitracion Publica 07 a 12hs', 39, '', '3765-053653', 1),
(NULL, 'Lucia Ayelen', 'Cayo', '44.841.530', 888, 'No', 21, 'Falta Titulo y P Nacimiento', '3764-240327', 1),
(NULL, 'Rocio Fiorella', 'Figueredo', '36.408.030', 889, 'Docente 07 a 12:30hs', 29, 'Falta abonar', '3764-634024', 2),
(NULL, 'Graciela Raquel', 'Nuñez', '3856678', 890, 'No', 30, 'CERTIFICADO DE DISCAPACIDAD', '', 1),
(NULL, 'Carla Camila Jahilen', 'Avalos', '37.801.120', 891, 'Cuidado de adultos 11a19:30hs', 30, 'Falta 1 Foto', '3764-630101', 1),
(NULL, 'Rosana Marcela', 'Galarza', '23.675.438', 892, 'Empleada - horarios rotativos', 50, '', '3764-273218', 1),
(NULL, 'Margarita Belen', 'Benitez', '33.013.065', 893, 'Empleada 14hs', 37, 'Falta titulo', '3764-819020', 1),
(NULL, 'Rocio Micaela', 'Villaba', '39.527.032', 894, 'Empleada 07 a 11hs', 29, 'Falta abonar', '3765-230306', 1),
(NULL, 'Evelin Valeria', 'Benitez', '28.534.345', 895, 'No', 43, 'Falta abonar', '3764-349283', 1),
(NULL, 'Santiago Ariel', 'Benitez', '40.952.934', 896, 'No', 26, '', '3764-740919', 1),
(NULL, 'Pereyra Marcela Evelin', 'Gomez Pereyra', '40.338.198', 897, 'Empleada domes - turno mañana', 27, '', '3765-147036', 1),
(NULL, 'Olga Lorena', 'Gonzalez', '24.935.615', 898, 'At - horarios rotativos', 49, '', '1144787375', 1),
(NULL, 'Sandra Ramona', 'Da Silva Brun', '32.502.716', 899, 'Empleada domes 07 a 13hs', 38, 'Falta abonar', '3764-551159', 1),
(NULL, 'Grecia Jorgelina', 'Galeano', '46.238.006', 900, 'No', 20, 'Titulo en tramite', '3764-908398', 1),
(NULL, 'Tania Gisel', 'Nuñez', '38.566.679', 901, 'NO', 30, 'Falta Fotos', '3764-829293', 1),
(NULL, 'Camila Beatriz', 'Raggio', '40.199.113', 902, 'No', 30, 'Falta titulo', '3764-238416', 1),
(NULL, 'Rocio Magali', 'Benitez', '39.819.793', 903, 'No', 31, 'Falta Fotos', '3765-230766', 1),
(NULL, 'Noelia Alejandra', 'Valiente', '41.761.082', 904, 'NO', 26, 'Titulo en tramite', '3764-171145', 1),
(NULL, 'Rosana Elizabet', 'Suarez', '36.783.347', 905, 'Empleada domes 06 a 14hs', 32, '', '3764-313922', 1),
(NULL, 'Leandro Javier', 'Marquez', '43.530.255', 906, 'no', 23, 'Falta P nacimiento', '3764-640711', 1),
(NULL, 'Camila Florencia', 'Alderete', '39.226.820', 907, 'Comerciante 08 a 18hs', 29, 'Falta titulo', '3873-537408', 1),
(NULL, 'Valeria Alejandra', 'Bernal', '', 908, 'Ayudante de cocina 06a 14hs', 21, 'Falta abonar', '', 1),
(NULL, 'Cinthia Beatriz', 'Strieder', '', 909, 'No', 22, '', '', 2),
(NULL, 'Paola Vanesa', 'Rios', '36.410.027', 910, 'Servicio domes 06 a 12:30hs', 32, '', '3764-234371', 1),
(NULL, 'Matias Jose', 'Fernandez', '44.228.768', 911, 'no', 22, '', '3764-720537', 1),
(NULL, 'Natalia Alejandra', 'Britez', '42.715.916', 912, 'No', 24, '', '3765-130373', 1),
(NULL, 'Estella Mary', 'Benitez', '18.781.644', 913, 'no', 48, '', '3765-079292', 1),
(NULL, 'Camila Elizabeth', 'Lopez', '41.294.794', 914, 'Cuidadora domi 06 a 14hs', 26, '', '3764-824207', 1),
(NULL, 'Daniel Fernando', 'Silva', '28.805.481', 915, 'Empleado publico 06 a 18hs', 43, '', '3764-587701', 1),
(NULL, 'Mariana Soledad', 'Alvarez', '29.854.398', 916, 'Cuidados domi 18 a 20hs', 42, 'Falta P nacimiento', '3764-560873', 1),
(NULL, 'Marina Soledad', 'Delgado', '36.474.669', 917, 'Empleada domes - horarios rotativos', 32, 'Falta abonar', '3764-158010', 1),
(NULL, 'Juan Pablo Leonardo', 'Galarza', '29.266.369', 918, 'Auxiliar de enfer', 43, '', '3764-702640', 1),
(NULL, 'Tatiana Antonella', 'Congo', '40.194.403', 919, 'No', 27, 'Falta Pnacmiento y Fotos', '3764-692774', 1),
(NULL, 'Elizabeth Mariana', 'Ferreyra', '24.723.103', 920, 'No especifica', 46, '', '3764-367307', 1),
(NULL, 'Daniela Magali', 'Rojas', '45.603.607', 921, 'No', 20, 'Titulo en tramite', '3765-366987', 1),
(NULL, 'Maeva Loana', 'Stolaruk', '42.760.584', 922, 'Vendedora', 24, 'Falta Fotos', '3764-795676', 1),
(NULL, 'Debora Claudia', 'Aguero Chamorro', '96019320', 923, 'At - horarios rotativos', 30, 'TRAJO CONSTANCIA DE DOMICILIO', '', 1),
(NULL, 'Rosa Noemi', 'Marin', '34451122', 924, 'No especifica', 35, '-', '3764136679', 1),
(NULL, 'Julian Diego', 'De Mattos', '31.699.478', 925, 'Empleado publi 08 a 16hs', 39, 'Falta Fotos', '3764-250426', 1),
(NULL, 'Braian Joel', 'Balbuena', '46.729.509', 926, 'Administrativo 08 a 12hs', 19, '', '3764-183803', 1),
(NULL, 'Candy Noelia', 'Britez', '46.086.137', 927, 'No', 20, '', '3765-297969', 1),
(NULL, 'Griselda Yanina', 'Nascimiento', '32609447', 928, 'Comercio 08 a 16hs', 37, 'TRAJO CONSTANCIA DE DOMICILIO Y CONSTANCIA DE TRABAJO', '', 1),
(NULL, 'Pablo Francisco', 'Dos Reis Pereira', '', 929, 'Personal trainer', 19, '', '', 1),
(NULL, 'Ester Pritsila', 'Gomez', '45.026.665', 930, 'Niñera 08 a 12hs', 20, 'Falta Fotos', '3764-130022', 1),
(NULL, 'Valeria Yanina', 'Galeano', '35.014.372', 931, 'Adminis 16 a 20', 34, '', '3764-674149', 1),
(NULL, 'Rosaluz Milagros', 'Gomez', '40.199.231', 932, 'Atencion al publico 09 a 17:30', 26, 'Falta abonar y fotos', '3764-113431', 1),
(NULL, 'Patricia Soledad', 'Mendez', '', 933, 'Limpieza 10 a 13 Hs', 31, '', '', 2),
(NULL, 'Maria Belen', 'Martinez', '44.390.754', 934, 'Inspector Animal 07 a 12 : 30 Hs', 22, '', '3764-296558', 1),
(NULL, 'Maria Itati', 'Siguen', '2899394', 935, 'Docente 07 a 14 Hs', 43, 'TRAJO CONSTANCIA DE DOMICILIO ', '', 1),
(NULL, 'Alba Fabiana', 'Ayala', '32.228.018', 936, 'Lincenciada Enfermeria 06 a 14 Hs', 38, 'Falta Titulo / Falta Foto / Falta Partida / Abonar', '3764-803523', 1),
(NULL, 'Leandro Ariel', 'Barboza', '36097314', 937, 'Cuidador Rotativo', 33, '-', '3763105879', 1),
(NULL, 'Jose Luis', 'Vera', '42.615.543', 938, 'Encargado Municipal 07 a 15 Hs', 24, '', '3764-574074', 1),
(NULL, 'Emiliano Emanuel', 'Lopez', '46.855.454', 939, 'No', 18, '', '3764-507372', 1),
(NULL, 'Angela Milagros', 'Leopoldino', '44.149.858', 940, 'No', 22, '', '3765-166649', 1),
(NULL, 'Gloria Griselda', 'Gonzalez', '32.735.654', 941, 'Empleada municipal Turno mañana', 38, '', '3764-866506', 1),
(NULL, 'Rosio Soledad', 'Garcia', '45.452.051', 942, 'Ejercito Rotativo', 21, '', '3764-624377', 1),
(NULL, 'Patricia Carolina', 'Langer', '', 943, 'Atencion al publico 06 a 12:30 Hs', 23, '', '', 2),
(NULL, 'Gabriela Soledad', 'Gonzalez', '45604045', 944, 'No', 0, 'Falta 1 foto / Titulo', '33', 1),
(NULL, 'Dora de los Milagros', 'Maciel', '26754671', 945, 'Empleada domestica 08 a 19 Hs', 46, 'TRAJO CONSTANCIA DE DOMICILIO', '', 1),
(NULL, 'Noemi Raquel', 'Brauvano', '32.228.091', 946, 'Cuidadora de adultos 07 a 13 Hs', 38, '', '3764-865889', 1),
(NULL, 'Yamila Elizabeth', 'Acuña', '44.228.786', 947, 'Administrativo 07:30 a 17 Hs', 22, '', '3764-889280', 1),
(NULL, 'Marilyn Eliana', 'Villareal', '', 948, 'Niñera 13 a 18 Hs', 23, '-', '', 1),
(NULL, 'Richard Oscar', 'Romano', '45.603.994', 949, 'Ejercito Rotativo', 20, '', '3765-120097', 1),
(NULL, 'Silvana Gisela', 'Peralta', '35.000.453', 950, 'Empleada comercio 08 a 15 Hs', 34, '', '3764-714158', 1),
(NULL, 'Maria Antonela', 'Quiroga', '37.583.182', 951, 'No', 31, '', '3764-950337', 2),
(NULL, 'Carolina Valentina', 'Rodriguez', '46.552.039', 952, 'No', 19, 'Falta Fotos / abonar', '3764-172858', 1),
(NULL, 'Agustina Katerin', 'Veron', '45.790.420', 953, 'No', 20, 'Falta Titulo / fotos', '3765-085247', 1),
(NULL, 'Verena Abigail', 'Ferreira', '46.168.328', 954, 'No', 22, '', '3764-841434', 1),
(NULL, 'Agustin Fernando', 'Vera', '43.121.467', 955, 'Vendedor Mañana', 23, 'Falta fotos / abonar', '1124073569', 1),
(NULL, 'Maira Elizabeth', 'Zarza', '45.842.431', 956, 'No', 21, 'Falta fotos / abonar', '3764-656976', 1),
(NULL, 'Daniela Belen', 'Nuñez', '39.220.612', 957, 'No', 29, '', '3764-684557', 1),
(NULL, 'Daiana Jaqueline', 'Pitkañen', '44737766', 958, 'No', 21, 'Falta 1 Foto', '33', 1),
(NULL, 'Fatima Rocio', 'Rivas', '42.966.105', 959, 'Acompañante terapeutico', 24, '', '3743-449910', 1),
(NULL, 'Laura Noelia', 'Rodriguez', '29010134', 960, 'Licenciada en Enfermeria', 43, 'TRAJO CONSTANCIA DE TRABAJO', '33', 1),
(NULL, 'Julia Rosana', 'Duarte', '41.192.351', 961, 'No', 26, '', '1161340419', 1),
(NULL, 'Federico Ramon', 'Duarte', '42.273.116', 962, 'No', 25, '', '3764-531845', 1),
(NULL, 'Soledad Leonela', 'Vargas', '45338956', 963, 'No', 0, 'Falta Titulo', '', 1),
(NULL, 'Milagros Damaris', 'Fariñon', '44.150.717', 964, 'Atencion al cliente 08 a 14hs', 22, '', '3765-118687', 1),
(NULL, 'Melina Ayelen', 'Vazquez', '44.680.515', 965, 'Comerciante 08 a 13hs', 21, 'Falta Abonar', '3764-120536', 1),
(NULL, 'Luis Daniel', 'Centurion', '34.395.494', 966, 'Electricista Insdustrial', 35, 'Falta Abonar y P.nacimiento', '3518-748681', 2),
(NULL, 'Carla Antonella', 'Alarcon', '35004750', 967, 'No', 0, '', '', 1),
(NULL, 'Elisa Tamara', 'Benitez', '25985492', 968, 'Empleada 15 a 18hs', 0, '', '', 1),
(NULL, 'Eduardo Ayrton', 'Frank', '38.188.662', 969, 'Venta y mantenimiento de maquinas', 30, '', '3765-239626', 1),
(NULL, 'Yesica Lorena', 'Rivero', '37.590.778', 970, 'Empleada - turno tarde', 30, '', '3764-397190', 1),
(NULL, 'Matias Adrian', 'Kansel', '45.133.782', 971, 'No', 21, '', '3764-185538', 1),
(NULL, 'Marcos Emanuel', 'Araujo', '32.297.718', 972, 'Vendedor 16 a 20hs', 38, 'Falta Abonar y P. nacimiento', '3764-291009', 1),
(NULL, 'Tamara Mabel', 'De Asis', '39637939', 973, 'Empleada Domestica 07 a 14hs', 0, '', '', 1),
(NULL, 'Fatima Yohana', 'Vargas', '18.900.029', 974, 'Cocinera 07 a 13hs', 31, '', '3765-061005', 1),
(NULL, 'Griselda Noe', 'De la Cruz', '29.441.129', 975, 'Secretaria 20a22hs', 42, 'Falta Fotos y Abonar', '3764-698492', 1),
(NULL, 'Adriana Jaqueline', 'Benitez', '33.731.875', 976, 'No', 36, '', '3765-051423', 1),
(NULL, 'Carla Gisell', 'Vargas', '41.761.097', 977, 'Secretaria 07 a 13hs', 26, '', '3765-148258', 1),
(NULL, ' Amancia', 'Fernandez Bordon', '18807683', 978, 'Empleada domestica', 0, 'TRAJO CONSTANCIA DE DOMICILIO', '33', 1),
(NULL, 'Claudia Analia', 'Lopez', '', 979, 'Comerciante 08 a 20hs', 41, '', '', 1),
(NULL, 'Juan Angel', 'Bortoluzzi', '24.601.161', 980, 'Vendedor 16 a 20hs', 46, 'Falta Fotos, titulo y Abonar', '3764-287581', 1),
(NULL, 'Gabriel Alejandro', 'Franco', '46.238.571', 981, 'No', 20, '', '3765-193427', 1),
(NULL, 'Isaac Ezequiel', 'Gauto', '45.605.232', 982, 'No', 20, 'Falta Abonar', '3765-224690', 1),
(NULL, 'De Sosa Noelia Feliciana', 'Duarte De Sosa', '45.136.335', 983, 'No', 21, 'Falta Abonar', '3764-515444', 1),
(NULL, 'Antonio Alejandro', 'Garcia', '36.470.279', 984, 'Salud Publica - horarios rotativos', 31, 'Falta Abonar', '3764-251737', 1),
(NULL, 'Guadalupe Itati', 'Rodriguez', '44.279.475', 985, 'No', 22, 'Falta Abonar y fotos', '3765-033274', 1),
(NULL, 'Eliana Liz', 'Machado', '43.357.238', 986, 'No', 23, 'Falta Abonar', '3764-815368', 1),
(NULL, 'Maria Eugenia', 'Reyna', '32.608.503', 987, 'Policia - horarios rotativos', 38, '', '3764-153395', 1),
(NULL, 'Norma Lilian', 'Avellaneda', '24.958.164', 988, 'Administrativo 07 a 13', 48, 'Falta Cuil', '3764-807119', 1),
(NULL, 'Gabriela Beatriz', 'Nuñez', '34.395.899', 989, 'Emprendedora', 34, 'Falta Fotos', '3764-732140', 1),
(NULL, 'Elina Paola', 'Almada', '40.735.787', 990, 'Manicurista 07 a 19hs', 29, 'Falta Titulo, P Nacimiento y Abonar', '3764-815200', 1),
(NULL, 'Florencia Gissel', 'Ferreyra Marquez', '40.334.922', 991, 'Empleada 14 a 22hs', 27, 'Falta Abonar.', '3765-019440', 1),
(NULL, 'Walter Sergio', 'Viera', '31.361.813', 992, 'Docente', 39, 'Falta Abonar y Fotos', '3764-155699', 1),
(NULL, 'Angeles Belen', 'Hammer', '45052654', 993, 'No', 21, '-', '3764215090', 1),
(NULL, 'Paola Karina', 'Morel', '', 994, 'No', 45, 'Falta Fotos', '1158373033', 1),
(NULL, 'Tiffany Gabriela', 'Tricarichi Horrisberger', '45.789.599', 995, 'No', 20, '', '3764-363993', 1),
(NULL, 'Felix Fabian', 'Albrecht', '29.671.993', 996, 'Fabrica de Muebles 08 a 19hs', 41, '', '3764-328813', 1),
(NULL, 'Ramiro Hernan', 'Sanabria', '39.820.604', 997, 'Comerciante 06 a 16hs', 28, 'Falta Abonar', '3764-101390', 1),
(NULL, 'Tobias Facundo', 'Tabres Sagues', '45.776.367', 998, 'No', 20, 'Falta Titulo', '3764-893904', 1),
(NULL, 'Alejandra Juana', 'Portal', '46.711.685', 999, 'No', 19, 'Falta Abonar, P de nacimiento, titulo y Fotos', '3765-200142', 1),
(NULL, 'Lautaro Agustin', 'Javier', '42.002.834', 1000, 'Repositor 08:30 - 12:30 (rotativos)', 25, 'Falta Abonar', '3764-754134', 1),
(NULL, 'Eduardo Gabriel', 'Toledo', '44.435.261', 1001, 'Repositor 16 a 20hs', 22, 'Falta Fotos', '3765-041208', 2),
(NULL, 'Joel Dilan ', 'Bouix', '43071786', 1002, 'carpintero', 23, '-', '33', 2),
(NULL, 'Silvia Soledad', 'Gonzalez', '34208374', 1005, 'A T  de 7 a 12 y de 14 a 18 ', 34, 'titulo, partida nacimiento,cuil', '375533354', 1),
(NULL, 'Elisa ', 'Minuzzo', '34898061', 1006, 'No', 33, '-', '3764150092', 1),
(NULL, 'Alejandra Lilian', 'Gonzalez', '40952153', 1008, 'Empleada 09hs-19hs', 1997, 'Falta Foto', '3764843645', 1),
(NULL, 'Monica Soledad', 'Cassino', '23349498', 1011, 'AT 16hs a 19hs', 50, '-', '3764817089', 1),
(NULL, 'Olga Noemi', 'Fretes', '29138832', 1012, 'Niñera 08hs-18hs', 42, 'TRAJO CONSTANCIA DE DOMICILIO ', '3764269138', 1),
(NULL, 'Carla Lucero', 'Denis', '18863134', 1013, 'At 13hs-14:35hs', 36, 'Falta Foto', '3755207683', 2),
(NULL, 'Yanina Beatriz', 'Benitez ', '31457094', 1014, 'Gastronomico turno mañana', 39, 'Falta Partida', '3764508432', 2),
(NULL, 'Silvia Evelyn', 'Acosta', '34018216', 1015, '-', 35, 'Falta Abonar', '3764373181', 1),
(NULL, 'Eliana Liz ', 'Machado', '43357238', 1016, '-', 23, 'Falta Abonar', '3764990611', 2),
(NULL, 'Victor Dario ', 'Delgado', '34332054', 1017, 'Policia, horarios rotativos', 35, 'Falta Titulo, foto y Abonar', '3764735458', 1),
(NULL, 'Nahuel Sumaj', 'Fretes', '44072765', 1018, '-', 22, '-', '3755774978', 1),
(NULL, 'Alejandro Joel', 'Mendez', '46117941', 1019, '-', 19, '-', '3764521598', 1),
(NULL, 'Guillermo Dario', 'Caceres', '32560429', 1020, 'Entrenador 09-17hs', 37, 'Falta partida, titulo, foto', '3764281675', 1),
(NULL, 'Jannette Alejandra', 'Zacaria', '36474783', 1021, 'Camarera 14-22hs', 31, 'Falta Titulo y Falta Abonar', '3765127673', 1),
(NULL, 'Alvaro Agustin', 'Saucedo', '43945037', 1022, '000000000000', 22, 'mmmmmmmmmm', '3765081427', 1),
(NULL, 'Milagroa Yamileth', 'Antunez', '42405148', 1023, 'comerciante 8 a 16 hs', 25, 'mmmmmmmmmm', '3743341927', 1),
(NULL, 'Yessica Adriana', 'Rios', '37220729', 1024, 'Aux de Maestra Jardinera 07 a 13 hs', 31, 'mmmmmmmmmm', '3764238249', 1),
(NULL, 'Josias Natan', 'Da silva', '37972657', 1025, 'Albañil 07hs a 18hs', 29, 'Falta pagar', '3764121204', 1),
(NULL, 'Morena Ayelen', 'D´ecclesüs', '46085509', 1026, '.', 0, '.', '3764581590', 1),
(NULL, 'Camila', 'Caceres ', '1', 1027, '.', 0, '.', '1', 1),
(NULL, 'Rosa Noemí', 'Vieira', '1', 1028, '.', 0, '.', '1', 1),
(NULL, 'Romina Analía', 'Ojeda', '1', 1029, '.', 0, '.', '1', 1),
(NULL, 'Marcia Adriana', 'Zacaria', '33854098', 1030, 'No', 35, 'Falta abonar', '3765038687', 1),
(NULL, 'Ruth Abigail', 'Silva', '46300844', 1031, 'No', 19, 'Falta foto falta abonar', '3765077620', 1),
(NULL, 'Miriam Gabriela', 'Stumpf', '35456113', 1032, 'Empleada Domestica 08 a 13hs', 33, '-', '3764717835', 1),
(NULL, 'Alejandra Sabrina ', 'Alcantara', '32793846', 1033, 'Secretaria 08 a 13hs', 37, '-', '3764872640', 1),
(NULL, 'Camila Soledad', 'Ferreira', '38.991.594', 1034, 'Empleado público 07 a 12 Hs', 29, '-', '3764-138246', 2),
(NULL, 'Natalia Belen', 'Gonzalez', '40336980', 1035, '-', 27, 'Falta Abonar', '3764665403', 1),
(NULL, 'Omar Javier', 'Olivera', '34367299', 1036, 'No', 0, 'Falta oartida y titulo', '3764390166', 1),
(NULL, 'Santiago Leonardo', 'Maldonado', '44014019', 1037, 'No', 22, 'Falta Fotos, Dni, P. de nacimiento y titulo', '1153242355', 1);

-- --------------------------------------------------------

--
-- Estructura de tabla para la tabla `alumnos_fp`
--

DROP TABLE IF EXISTS `alumnos_fp`;
CREATE TABLE IF NOT EXISTS `alumnos_fp` (
  `idalumnos_fp` int NOT NULL AUTO_INCREMENT,
  `legajo_afp` int NOT NULL,
  `nombre_afp` varchar(45) COLLATE utf8mb4_unicode_ci DEFAULT NULL,
  `apellido_afp` varchar(45) COLLATE utf8mb4_unicode_ci DEFAULT NULL,
  `dni_afp` int DEFAULT NULL,
  `celular_afp` varchar(20) COLLATE utf8mb4_unicode_ci DEFAULT NULL,
  `observaciones_afp` varchar(45) COLLATE utf8mb4_unicode_ci DEFAULT NULL,
  `trabaja_fp` varchar(45) COLLATE utf8mb4_unicode_ci DEFAULT NULL,
  `carreras_idCarrera` int DEFAULT NULL,
  `carreras_idCarrera1` int DEFAULT NULL,
  `carreras_idCarrera2` int DEFAULT NULL,
  `carreras_idCarrera3` int DEFAULT NULL,
  `estado` int NOT NULL DEFAULT '1',
  PRIMARY KEY (`idalumnos_fp`,`legajo_afp`),
  KEY `fk_alumnos_fp_carreras1_idx` (`carreras_idCarrera`),
  KEY `fk_alumnos_fp_carreras2_idx` (`carreras_idCarrera1`),
  KEY `fk_alumnos_fp_carreras3_idx` (`carreras_idCarrera2`),
  KEY `fk_alumnos_fp_carreras4_idx` (`carreras_idCarrera3`)
) ENGINE=InnoDB AUTO_INCREMENT=80 DEFAULT CHARSET=utf8mb4 COLLATE=utf8mb4_unicode_ci;

--
-- Volcado de datos para la tabla `alumnos_fp`
--

INSERT INTO `alumnos_fp` (`idalumnos_fp`, `legajo_afp`, `nombre_afp`, `apellido_afp`, `dni_afp`, `celular_afp`, `observaciones_afp`, `trabaja_fp`, `carreras_idCarrera`, `carreras_idCarrera1`, `carreras_idCarrera2`, `carreras_idCarrera3`, `estado`) VALUES
(6, 1, 'Karen Natalia', 'Rondin', 36411579, '3764186158', 'Falta Foto y DNI', 'No', 64, 65, 65, 65, 1),
(7, 2, 'Luis Mauricio', 'Benitez', 28610854, '3764758274', 'Falta Foto /DNI/Abonar', 'Docente', 64, 65, 65, 65, 1),
(8, 3, 'Berenice Aylen', 'Rodriguez', 44841912, '3765123647', 'Falta Foto', 'No', 64, 65, 65, 65, 1),
(9, 4, 'Maria Florencia', 'Capdevila', 35447150, '3764907833', 'Falta Foto', 'Docente ', 64, 15, 65, 65, 1),
(10, 5, 'Mauricio Orlando Joaquin', 'Rotela', 33900319, '3764690262', 'Falta Foto', 'Docente', 64, 15, 65, 65, 1),
(11, 6, 'Milagros Soledad', 'Echenique ', 46388274, '3743555157', '-', '-', 64, 8, 65, 65, 1),
(12, 7, 'Maribel Milagros', 'Rodriguez', 46710739, '3743512253', '-', '-', 64, 8, 65, 65, 1),
(13, 8, 'Santiago Ezequiel', 'Gonzalez', 37705221, '3764209477', '-', '-', 64, 8, 65, 65, 1),
(14, 9, 'Hilda Zoraida', 'Pajuelo', 23077589, '3764220824', 'Falta Abonar', 'Lic en trabajo Social', 64, 65, 65, 65, 1),
(15, 10, 'Fernando Sebastian ', 'Rodriguez', 24509857, '3765386844', 'Falta Dni, Foto', 'Empleado', 64, 8, 65, 65, 1),
(16, 11, 'Roberto Carlos', 'Burgos', 26572500, '3764196606', '-', 'Militar 06hs-17hs', 15, 65, 65, 65, 1),
(17, 12, 'Aixa Ameli', 'Nuñez', 46854897, '3764697605', '-', '-', 15, 65, 65, 65, 1),
(18, 13, 'Lautaro Agustin ', 'Javier', 42002834, '3764754134', 'Falta Foto', 'Repositor', 15, 65, 65, 65, 1),
(19, 14, 'Samuel Guillermo', 'Wilke', 41509357, '3764111872', 'Falta Foto ', '-', 15, 65, 65, 65, 1),
(20, 15, 'Ludmila Iris', 'Sari Fernandez', 43071663, '3764387218', 'Falta Foto', '-', 15, 65, 65, 65, 1),
(21, 16, 'Jose Maria', 'Frutos', 41032007, '3765041169', '-', '-', 15, 65, 65, 65, 1),
(22, 17, 'Federico Alejandro', 'Dorreo', 28818226, '3764363465', '-', 'Empleado Publico', 15, 65, 65, 65, 1),
(23, 18, 'Alberto Antonio', 'Bait ', 34112436, '3764506746', '-', 'Docente', 15, 65, 65, 65, 1),
(24, 19, 'Carlos Alberto', 'De Jesus', 28354702, '3764225185', '-', 'Administrativo', 15, 65, 65, 65, 1),
(25, 20, 'Julian Diego', 'De Mattos', 31699478, '3764250426', 'Falta Foto', '-', 15, 65, 65, 65, 1),
(26, 21, 'Juan Orlando', 'Antunez', 26502564, '3765225911', '-', '-', 15, 65, 65, 65, 1),
(27, 22, 'Vanesa Alejandra', 'Molina', 29596111, '3765225913', 'Falta Foto', '-', 15, 65, 65, 65, 1),
(28, 23, 'Felix Fabian', 'Albrecht', 29671993, '3764328813', '-', 'Empleado', 15, 65, 65, 65, 1),
(29, 24, 'Andrea Macarena', 'Salazar', 40655228, '3765238456', 'Falta Foto', 'Atencion publica 06hs-14hs', 15, 65, 65, 65, 1),
(30, 25, 'Fatima Guadalupe', 'Frutos', 42240815, '3764633893', 'Falta Foto', '-', 15, 65, 65, 65, 1),
(31, 26, 'Tobias Facundo ', 'Tabares Sagues ', 45776267, '3764893904', 'Falta Foto', '-', 15, 65, 65, 65, 1),
(33, 27, 'Camila Florencia', 'Alderete', 39226820, '3873537408', 'Falta Foto', 'Comerciante', 15, 65, 65, 65, 1),
(34, 28, 'Solange Gisell', 'Benitez', 39724172, '3764563013', '-', 'Comerciante', 14, 65, 65, 65, 1),
(35, 29, 'Alejandro Damian', 'Mutuberria', 41867923, '3764164225', '-', '-', 64, 8, 14, 15, 1),
(36, 30, 'Lucas Giovanni', 'LLaneza', 46784482, '3765090272', '-', '-', 14, 65, 65, 65, 1),
(39, 31, 'Jose Luis', 'Enriquez', 33407771, '3764902331', '-', 'Empleado Privado 06hs-14:30hs', 64, 8, 65, 65, 1),
(40, 32, 'Jessica Alejandra', 'De Matos', 36060857, '3764140657', '-', 'Comerciante 10-18hs', 14, 65, 65, 65, 1),
(41, 33, 'Florencia Yamila ', 'Benitez ', 37705034, '3764835034', 'Falta Foto', '-', 14, 65, 65, 65, 1),
(42, 34, 'Eric Adrian', 'De La Fuente', 39229408, '3765073688', '-', 'Analista funcional', 64, 8, 65, 65, 1),
(43, 35, 'Eliseo Natanael', 'Valenzuela', 44278086, '3743474062', '-', '-', 64, 8, 65, 65, 1),
(44, 36, 'Emiliano Emanuel', 'Lopez ', 46855454, '3764507372', 'Falta Foto', '-', 15, 65, 65, 65, 1),
(45, 37, 'Leonardo Fabio', 'Holovachuk', 30739515, '3764726311', 'Falta Foto', 'Tallerista', 14, 65, 65, 65, 1),
(46, 38, 'Facundo Lionel', 'Kessler', 46980280, '3765065370', '-', 'No', 15, 14, 65, 65, 1),
(47, 39, 'Francisco Damian', 'Nolasco', 46713673, '3765146512', 'Falta Abonar', 'No', 14, 65, 65, 65, 1),
(48, 40, 'Lionel Agustin ', 'Arez ', 46852068, '3764801706', 'Falta Abonar', 'No', 15, 14, 65, 65, 1),
(61, 41, 'Cintia Micaela ', 'Villalba', 36501464, '3764654233', 'Falta Abonar', '-', 64, 65, 65, 65, 1),
(62, 42, 'Sebastian Armando ', 'Vargas', 35711533, '3764753583', 'Falta Abonar', '-', 64, 8, 65, 65, 1),
(63, 43, 'Martina Ailen', 'Ferreira ', 44950934, '3765400712', '-', '-', 14, 65, 65, 65, 1),
(64, 44, 'Joaquin', 'Fagundez ', 31022052, '3764850862', '-', 'Empleado- No especifica horario', 15, 65, 65, 65, 1),
(65, 45, 'Maria Gabriela', 'Gomez', 30619200, '3764571310', 'Falta Foto', 'Comerciante- 16-20hs', 14, 65, 65, 65, 1),
(66, 46, 'Eduardo Ayrton', 'Frank', 38188662, '3765239626', 'Falta Foto', 'Empleado 08-17hs', 15, 65, 65, 65, 1),
(67, 47, 'Duncan Ariel ', 'Arzamendiz', 48475275, '3765006501', 'Falta Abonar', 'NO', 14, 65, 65, 65, 1),
(68, 48, 'Agustin Alejandro', 'Cubilla', 45025142, '376423822', '-', 'Empleado', 64, 8, 65, 65, 1),
(70, 49, 'Juan Carlos', 'Sosa', 35711662, '3764717304', 'Falta Foto', 'Empleado de comercio 15-19hs', 15, 65, 65, 65, 1),
(71, 50, 'Silvia Carola', 'Gomez', 24809740, '3764679102', '-', 'Esteticista 08-18hs', 14, 65, 65, 65, 1),
(72, 51, 'Iris Analuz', 'Delgado', 42086461, '3764228909', 'Falta foto', 'no', 14, 65, 65, 65, 1),
(73, 52, 'Humberto Manuel', 'Martino', 37158483, '3764165068', 'Falta foto y Abonar', 'Herrero', 14, 65, 65, 65, 1),
(74, 53, 'Marcos Nahuel', 'Moyano Medina', 34896393, '3765074376', 'Falta Abonar', '-', 14, 65, 65, 65, 1),
(75, 54, 'Santiago Nicolas ', 'Basualdo', 41502037, '3764837870', 'Falto Todo', 'Si', 64, 65, 65, 65, 1),
(76, 55, 'Hector Anibal ', 'Fernandez', 24509386, '1125508204', 'Falto Todo', 'Si', 64, 65, 65, 65, 1),
(77, 56, 'Rocio Belen ', 'Olivi', 42272537, '3764395943', 'Falta Foto', 'Docente', 64, 8, 14, 65, 1),
(78, 57, 'Patricia Alexandra ', 'Sotelo', 27979227, '1171018327', 'Falta foto y Abonar', 'Si', 64, 15, 14, 65, 1),
(79, 58, 'Tiago Daniel', 'Cabañas ', 48652635, '3764130642', 'Falta Fotos', 'Preventista ', 64, 65, 65, 65, 1);

-- --------------------------------------------------------

--
-- Estructura de tabla para la tabla `alumnos_justificados`
--

DROP TABLE IF EXISTS `alumnos_justificados`;
CREATE TABLE IF NOT EXISTS `alumnos_justificados` (
  `idalumnos_justificados` int NOT NULL AUTO_INCREMENT,
  `inscripcion_asignatura_idinscripcion_asignatura` int DEFAULT NULL,
  `inscripcion_asignatura_carreras_idCarrera` int NOT NULL,
  `inscripcion_asignatura_alumno_legajo` int NOT NULL,
  `materias_idMaterias` int NOT NULL,
  `materias_idMaterias1` int NOT NULL,
  `fecha` datetime DEFAULT NULL,
  `Motivo` varchar(45) COLLATE utf8mb4_spanish_ci DEFAULT NULL,
  PRIMARY KEY (`idalumnos_justificados`),
  KEY `fk_alumnos_justificados_materias1_idx` (`materias_idMaterias`),
  KEY `fk_alumnos_justificados_inscripcion_asignatura1_idx` (`inscripcion_asignatura_idinscripcion_asignatura`,`inscripcion_asignatura_carreras_idCarrera`,`inscripcion_asignatura_alumno_legajo`),
  KEY `fk_alumnos_justificados_materias2_idx` (`materias_idMaterias1`)
) ENGINE=InnoDB AUTO_INCREMENT=50 DEFAULT CHARSET=utf8mb4 COLLATE=utf8mb4_spanish_ci;

--
-- Volcado de datos para la tabla `alumnos_justificados`
--

INSERT INTO `alumnos_justificados` (`idalumnos_justificados`, `inscripcion_asignatura_idinscripcion_asignatura`, `inscripcion_asignatura_carreras_idCarrera`, `inscripcion_asignatura_alumno_legajo`, `materias_idMaterias`, `materias_idMaterias1`, `fecha`, `Motivo`) VALUES
(7, NULL, 18, 578, 142, 141, '2024-04-19 00:00:00', 'cirugia'),
(8, NULL, 27, 709, 289, 288, '2024-04-22 00:00:00', 'certificado medico'),
(9, NULL, 27, 709, 289, 288, '2024-04-22 00:00:00', 'certificado medico'),
(10, NULL, 31, 665, 506, 509, '2024-04-24 00:00:00', 'CONSULTA DE GUARDIA CON SU MADRE'),
(11, NULL, 27, 973, 290, 309, '2024-04-30 00:00:00', 'Malestar estomacal'),
(12, NULL, 46, 996, 35, 28, '0000-00-00 00:00:00', 'Urgencia'),
(13, NULL, 27, 968, 309, 287, '2024-05-07 00:00:00', 'consulta medica'),
(14, NULL, 31, 940, 523, 507, '2024-05-07 00:00:00', 'personal'),
(15, NULL, 49, 29, 96, 92, '2024-05-10 00:00:00', 'Trabajo'),
(16, NULL, 31, 916, 508, 510, '2024-05-13 00:00:00', 'certificado medico'),
(17, NULL, 18, 838, 145, 149, '2024-05-15 00:00:00', 'Atención familiar'),
(18, NULL, 18, 678, 145, 148, '0000-00-00 00:00:00', 'Atención familiar '),
(19, NULL, 18, 650, 145, 148, '2024-05-15 00:00:00', 'Problema de salud '),
(20, NULL, 18, 216, 145, 148, '2024-05-15 00:00:00', 'Atención familiar '),
(21, NULL, 18, 838, 142, 143, '2024-05-16 00:00:00', 'Atención familiar '),
(22, NULL, 18, 678, 143, 142, '2024-05-16 00:00:00', 'Atención familiar'),
(23, NULL, 18, 681, 142, 143, '2024-05-16 00:00:00', 'Trabajo'),
(24, NULL, 0, 0, 142, 141, '2024-05-17 00:00:00', 'Salud'),
(25, NULL, 18, 680, 142, 141, '2024-05-17 00:00:00', 'Salud'),
(26, NULL, 46, 925, 34, 35, '2024-05-17 00:00:00', 'Atención familiar '),
(27, NULL, 46, 969, 34, 35, '2024-05-17 00:00:00', 'Trabajo'),
(28, NULL, 31, 953, 508, 510, '2024-05-20 00:00:00', 'cequeos medicos'),
(29, NULL, 18, 584, 139, 139, '0000-00-00 00:00:00', ''),
(31, NULL, 31, 878, 508, 510, '2024-05-20 00:00:00', 'MEDICO'),
(32, NULL, 46, 925, 33, 35, '2024-05-20 00:00:00', 'Atención familiar '),
(33, NULL, 18, 838, 148, 140, '2024-05-20 00:00:00', 'Atención familiar'),
(34, NULL, 27, 717, 290, 309, '2024-05-21 00:00:00', 'certificado medico'),
(35, NULL, 31, 953, 523, 507, '2024-05-21 00:00:00', 'CONSULTA MEDICA'),
(36, NULL, 31, 977, 523, 507, '2024-05-21 00:00:00', 'certificado medico'),
(37, NULL, 18, 828, 139, 149, '2024-05-21 00:00:00', 'Atención familiar'),
(38, NULL, 46, 969, 29, 28, '2024-05-21 00:00:00', 'Trabajo'),
(39, NULL, 18, 678, 139, 149, '2024-05-21 00:00:00', 'Trabajo'),
(40, NULL, 31, 916, 506, 509, '2024-05-22 00:00:00', 'trabajo'),
(41, NULL, 31, 953, 506, 509, '2024-05-22 00:00:00', 'certificado medico'),
(42, NULL, 31, 977, 506, 509, '2024-05-22 00:00:00', 'certificado medico'),
(43, NULL, 27, 717, 286, 289, '2024-05-22 00:00:00', 'consulta medica'),
(44, NULL, 18, 638, 142, 146, '2024-05-23 00:00:00', 'Trabajo '),
(45, NULL, 18, 584, 142, 146, '2024-05-23 00:00:00', 'Razones particulares '),
(46, NULL, 18, 557, 147, 140, '2024-05-27 00:00:00', 'Asma'),
(47, NULL, 18, 623, 147, 140, '2024-05-27 00:00:00', 'Gripe'),
(48, NULL, 18, 657, 147, 140, '2024-05-27 00:00:00', 'Salud'),
(49, NULL, 18, 567, 147, 140, '2024-05-27 00:00:00', 'Salud');

-- --------------------------------------------------------

--
-- Estructura de tabla para la tabla `alumnos_rat`
--

DROP TABLE IF EXISTS `alumnos_rat`;
CREATE TABLE IF NOT EXISTS `alumnos_rat` (
  `Idalumnos_rat` int NOT NULL AUTO_INCREMENT,
  `alumno_legajo` int NOT NULL,
  `carreras_idCarrera` int NOT NULL,
  `materias_idMaterias` int NOT NULL,
  `profesor_idProrfesor` int NOT NULL,
  `motivo` varchar(45) DEFAULT NULL,
  `fecha` datetime DEFAULT NULL,
  PRIMARY KEY (`Idalumnos_rat`),
  KEY `fk_alumno_has_profesor_alumno1_idx` (`alumno_legajo`),
  KEY `fk_alumno_has_profesor_carreras1_idx` (`carreras_idCarrera`),
  KEY `fk_alumnos_rat_materias1_idx` (`materias_idMaterias`),
  KEY `fk_alumnos_rat_profesor1_idx` (`profesor_idProrfesor`)
) ENGINE=InnoDB AUTO_INCREMENT=30 DEFAULT CHARSET=utf8mb3;

--
-- Volcado de datos para la tabla `alumnos_rat`
--

INSERT INTO `alumnos_rat` (`Idalumnos_rat`, `alumno_legajo`, `carreras_idCarrera`, `materias_idMaterias`, `profesor_idProrfesor`, `motivo`, `fecha`) VALUES
(1, 268, 41, 557, 53, 'Particular', '2024-04-19 22:03:00'),
(2, 545, 27, 288, 51, 'colectivo', '2024-04-22 22:23:00'),
(3, 591, 27, 288, 51, 'colectivo', '2024-04-22 22:20:00'),
(4, 609, 27, 309, 51, 'colectivo', '2024-04-23 21:56:00'),
(5, 614, 27, 288, 51, 'colectivo', '2024-04-22 21:58:00'),
(6, 643, 27, 288, 51, 'colectivo', '2024-04-22 22:00:00'),
(7, 665, 31, 523, 51, 'colectivo', '2024-04-23 22:00:00'),
(8, 684, 27, 288, 51, 'colectivo', '2024-04-22 22:00:00'),
(9, 707, 27, 309, 51, 'colectivo', '2024-04-23 22:12:00'),
(10, 709, 27, 309, 51, 'colectivo', '2024-04-23 21:53:00'),
(11, 717, 27, 286, 51, 'MALESTAR ', '2024-04-24 21:19:00'),
(12, 770, 31, 523, 51, 'colectivo', '2024-04-23 22:00:00'),
(13, 784, 31, 523, 51, 'colectivo', '2024-04-23 22:11:00'),
(14, 862, 27, 309, 51, 'colectivo', '2024-04-23 22:12:00'),
(15, 865, 31, 523, 51, 'colectivo', '2024-04-23 22:00:00'),
(16, 885, 31, 508, 51, 'colectivo', '2024-04-22 22:08:00'),
(17, 898, 31, 508, 51, 'colectivo', '2024-04-22 22:00:00'),
(18, 928, 31, 508, 51, 'colectivo', '2024-04-22 22:00:00'),
(19, 935, 31, 508, 51, 'colectivo', '2024-04-22 22:09:00'),
(20, 944, 27, 288, 51, 'colectivo', '2024-04-22 22:00:00'),
(21, 960, 31, 523, 51, 'trabajo', '2024-04-23 21:17:00'),
(22, 967, 27, 288, 51, 'colectivo', '2024-04-22 22:20:00'),
(23, 968, 27, 288, 51, 'colectivo', '2024-04-22 22:20:00'),
(24, 978, 27, 309, 51, 'colectivo', '2024-04-23 22:13:00'),
(25, 1008, 27, 309, 51, 'colectivo', '2024-04-23 21:53:00'),
(26, 1011, 27, 309, 51, 'colectivo', '2024-04-23 22:12:00'),
(27, 1012, 27, 288, 51, 'colectivo', '2024-04-22 22:00:00'),
(29, 648, 27, 288, 51, 'urgencia familiar', '2024-05-13 21:28:00');

-- --------------------------------------------------------

--
-- Estructura de tabla para la tabla `asistencia`
--

DROP TABLE IF EXISTS `asistencia`;
CREATE TABLE IF NOT EXISTS `asistencia` (
  `idasistencia` int NOT NULL AUTO_INCREMENT,
  `fecha` date NOT NULL,
  `inscripcion_asignatura_idinscripcion_asignatura` int DEFAULT NULL,
  `inscripcion_asignatura_carreras_idCarrera` int NOT NULL,
  `inscripcion_asignatura_comisiones_idComisiones` int NOT NULL,
  `inscripcion_asignatura_alumno_legajo` int NOT NULL,
  `materias_idMaterias` int NOT NULL,
  `asistenciacol` varchar(45) DEFAULT NULL,
  PRIMARY KEY (`idasistencia`),
  KEY `fk_asistencia_materias1_idx` (`materias_idMaterias`),
  KEY `fk_asistencia_inscripcion_asignatura1_idx` (`inscripcion_asignatura_idinscripcion_asignatura`,`inscripcion_asignatura_carreras_idCarrera`,`inscripcion_asignatura_comisiones_idComisiones`,`inscripcion_asignatura_alumno_legajo`)
) ENGINE=InnoDB AUTO_INCREMENT=26381 DEFAULT CHARSET=utf8mb3;

-- --------------------------------------------------------

--
-- Estructura de tabla para la tabla `asistencia_fp`
--

DROP TABLE IF EXISTS `asistencia_fp`;
CREATE TABLE IF NOT EXISTS `asistencia_fp` (
  `idasistencia_FP` int NOT NULL AUTO_INCREMENT,
  `alumnos_fp_legajo_afp` int NOT NULL,
  `alumnos_fp_idalumnos_fp` int DEFAULT NULL,
  `carreras_idCarrera` int NOT NULL,
  `materias_idMaterias` int NOT NULL,
  `1_horario` varchar(45) COLLATE utf8mb4_unicode_ci DEFAULT NULL,
  `fecha_FP` date DEFAULT NULL,
  PRIMARY KEY (`idasistencia_FP`),
  KEY `fk_asistencia_FP_alumnos_fp1_idx` (`alumnos_fp_idalumnos_fp`,`alumnos_fp_legajo_afp`),
  KEY `fk_asistencia_FP_materias1_idx` (`materias_idMaterias`),
  KEY `fk_asistencia_FP_carreras1_idx` (`carreras_idCarrera`)
) ENGINE=InnoDB AUTO_INCREMENT=117 DEFAULT CHARSET=utf8mb4 COLLATE=utf8mb4_unicode_ci;

--
-- Volcado de datos para la tabla `asistencia_fp`
--

INSERT INTO `asistencia_fp` (`idasistencia_FP`, `alumnos_fp_legajo_afp`, `alumnos_fp_idalumnos_fp`, `carreras_idCarrera`, `materias_idMaterias`, `1_horario`, `fecha_FP`) VALUES
(2, 58, NULL, 64, 558, 'Presente', '2024-05-02'),
(3, 34, NULL, 64, 558, 'Presente', '2024-05-02'),
(4, 6, NULL, 64, 558, 'Presente', '2024-05-02'),
(5, 31, NULL, 64, 558, 'Presente', '2024-05-02'),
(6, 56, NULL, 64, 558, 'Presente', '2024-05-02'),
(7, 7, NULL, 64, 558, 'Presente', '2024-05-02'),
(8, 3, NULL, 64, 558, 'Presente', '2024-05-02'),
(9, 57, NULL, 64, 558, 'Presente', '2024-05-02'),
(10, 35, NULL, 64, 558, 'Presente', '2024-05-02'),
(11, 42, NULL, 64, 558, 'Presente', '2024-05-02'),
(12, 4, NULL, 64, 558, 'Presente', '2024-05-02'),
(13, 5, NULL, 64, 558, 'Presente', '2024-05-02'),
(14, 54, NULL, 64, 558, 'Ausente', '2024-05-02'),
(15, 2, NULL, 64, 558, 'Ausente', '2024-05-02'),
(16, 48, NULL, 64, 558, 'Ausente', '2024-05-02'),
(17, 55, NULL, 64, 558, 'Ausente', '2024-05-02'),
(18, 8, NULL, 64, 558, 'Ausente', '2024-05-02'),
(19, 29, NULL, 64, 558, 'Ausente', '2024-05-02'),
(20, 9, NULL, 64, 558, 'Ausente', '2024-05-02'),
(21, 10, NULL, 64, 558, 'Ausente', '2024-05-02'),
(22, 1, NULL, 64, 558, 'Ausente', '2024-05-02'),
(23, 41, NULL, 64, 558, 'Ausente', '2024-05-02'),
(24, 40, NULL, 14, 359, 'Presente', '2024-05-03'),
(25, 47, NULL, 14, 359, 'Presente', '2024-05-03'),
(26, 28, NULL, 14, 359, 'Presente', '2024-05-03'),
(27, 32, NULL, 14, 359, 'Presente', '2024-05-03'),
(28, 51, NULL, 14, 359, 'Presente', '2024-05-03'),
(29, 43, NULL, 14, 359, 'Presente', '2024-05-03'),
(30, 50, NULL, 14, 359, 'Presente', '2024-05-03'),
(31, 45, NULL, 14, 359, 'Presente', '2024-05-03'),
(32, 37, NULL, 14, 359, 'Presente', '2024-05-03'),
(33, 38, NULL, 14, 359, 'Presente', '2024-05-03'),
(34, 30, NULL, 14, 359, 'Presente', '2024-05-03'),
(35, 52, NULL, 14, 359, 'Presente', '2024-05-03'),
(36, 53, NULL, 14, 359, 'Presente', '2024-05-03'),
(37, 39, NULL, 14, 359, 'Presente', '2024-05-03'),
(38, 57, NULL, 14, 359, 'Presente', '2024-05-03'),
(39, 33, NULL, 14, 359, 'Ausente', '2024-05-03'),
(40, 29, NULL, 14, 359, 'Ausente', '2024-05-03'),
(41, 56, NULL, 14, 359, 'Ausente', '2024-05-03'),
(42, 40, NULL, 14, 359, 'Presente', '2024-05-10'),
(43, 47, NULL, 14, 359, 'Presente', '2024-05-10'),
(44, 28, NULL, 14, 359, 'Presente', '2024-05-10'),
(45, 32, NULL, 14, 359, 'Presente', '2024-05-10'),
(46, 43, NULL, 14, 359, 'Presente', '2024-05-10'),
(47, 50, NULL, 14, 359, 'Presente', '2024-05-10'),
(48, 45, NULL, 14, 359, 'Presente', '2024-05-10'),
(49, 37, NULL, 14, 359, 'Presente', '2024-05-10'),
(50, 38, NULL, 14, 359, 'Presente', '2024-05-10'),
(51, 52, NULL, 14, 359, 'Presente', '2024-05-10'),
(52, 53, NULL, 14, 359, 'Presente', '2024-05-10'),
(53, 33, NULL, 14, 359, 'Ausente', '2024-05-10'),
(54, 51, NULL, 14, 359, 'Ausente', '2024-05-10'),
(55, 30, NULL, 14, 359, 'Ausente', '2024-05-10'),
(56, 29, NULL, 14, 359, 'Ausente', '2024-05-10'),
(57, 29, NULL, 14, 359, 'Ausente', '2024-05-10'),
(58, 39, NULL, 14, 359, 'Ausente', '2024-05-10'),
(59, 56, NULL, 14, 359, 'Ausente', '2024-05-10'),
(60, 57, NULL, 14, 359, 'Ausente', '2024-05-10'),
(61, 2, NULL, 64, 558, 'Presente', '2024-05-16'),
(62, 34, NULL, 64, 558, 'Presente', '2024-05-16'),
(63, 6, NULL, 64, 558, 'Presente', '2024-05-16'),
(64, 31, NULL, 64, 558, 'Presente', '2024-05-16'),
(65, 8, NULL, 64, 558, 'Presente', '2024-05-16'),
(66, 7, NULL, 64, 558, 'Presente', '2024-05-16'),
(67, 3, NULL, 64, 558, 'Presente', '2024-05-16'),
(68, 10, NULL, 64, 558, 'Presente', '2024-05-16'),
(69, 1, NULL, 64, 558, 'Presente', '2024-05-16'),
(70, 5, NULL, 64, 558, 'Presente', '2024-05-16'),
(71, 35, NULL, 64, 558, 'Presente', '2024-05-16'),
(72, 54, NULL, 64, 558, 'Ausente', '2024-05-16'),
(73, 58, NULL, 64, 558, 'Ausente', '2024-05-16'),
(74, 4, NULL, 64, 558, 'Ausente', '2024-05-16'),
(75, 48, NULL, 64, 558, 'Ausente', '2024-05-16'),
(76, 55, NULL, 64, 558, 'Ausente', '2024-05-16'),
(77, 29, NULL, 64, 558, 'Ausente', '2024-05-16'),
(78, 29, NULL, 64, 558, 'Ausente', '2024-05-16'),
(79, 29, NULL, 64, 558, 'Ausente', '2024-05-16'),
(80, 29, NULL, 64, 558, 'Ausente', '2024-05-16'),
(81, 56, NULL, 64, 558, 'Ausente', '2024-05-16'),
(82, 56, NULL, 64, 558, 'Ausente', '2024-05-16'),
(83, 56, NULL, 64, 558, 'Ausente', '2024-05-16'),
(84, 9, NULL, 64, 558, 'Ausente', '2024-05-16'),
(85, 57, NULL, 64, 558, 'Ausente', '2024-05-16'),
(86, 57, NULL, 64, 558, 'Ausente', '2024-05-16'),
(87, 57, NULL, 64, 558, 'Ausente', '2024-05-16'),
(88, 42, NULL, 64, 558, 'Ausente', '2024-05-16'),
(89, 41, NULL, 64, 558, 'Ausente', '2024-05-16'),
(90, 28, NULL, 14, 359, 'Presente', '2024-05-17'),
(91, 32, NULL, 14, 359, 'Presente', '2024-05-17'),
(92, 45, NULL, 14, 359, 'Presente', '2024-05-17'),
(93, 37, NULL, 14, 359, 'Presente', '2024-05-17'),
(94, 52, NULL, 14, 359, 'Presente', '2024-05-17'),
(95, 53, NULL, 14, 359, 'Presente', '2024-05-17'),
(96, 40, NULL, 14, 359, 'Ausente', '2024-05-17'),
(97, 47, NULL, 14, 359, 'Ausente', '2024-05-17'),
(98, 51, NULL, 14, 359, 'Ausente', '2024-05-17'),
(99, 43, NULL, 14, 359, 'Ausente', '2024-05-17'),
(100, 38, NULL, 14, 359, 'Ausente', '2024-05-17'),
(101, 30, NULL, 14, 359, 'Ausente', '2024-05-17'),
(102, 29, NULL, 14, 359, 'Ausente', '2024-05-17'),
(103, 56, NULL, 14, 359, 'Ausente', '2024-05-17'),
(104, 57, NULL, 14, 359, 'Ausente', '2024-05-17'),
(105, 33, NULL, 14, 359, 'Presente', '2024-05-17'),
(106, 4, NULL, 15, 353, 'Presente', '2024-05-23'),
(107, 17, NULL, 15, 353, 'Presente', '2024-05-23'),
(108, 16, NULL, 15, 353, 'Presente', '2024-05-23'),
(109, 29, NULL, 15, 353, 'Presente', '2024-05-23'),
(110, 5, NULL, 15, 353, 'Presente', '2024-05-23'),
(111, 4, NULL, 64, 558, 'Presente', '2024-05-23'),
(112, 48, NULL, 64, 558, 'Presente', '2024-05-23'),
(113, 6, NULL, 64, 558, 'Presente', '2024-05-23'),
(114, 31, NULL, 64, 558, 'Presente', '2024-05-23'),
(115, 7, NULL, 64, 558, 'Presente', '2024-05-23'),
(116, 5, NULL, 64, 558, 'Presente', '2024-05-23');

-- --------------------------------------------------------

--
-- Estructura de tabla para la tabla `asistencia_profesor`
--

DROP TABLE IF EXISTS `asistencia_profesor`;
CREATE TABLE IF NOT EXISTS `asistencia_profesor` (
  `idasistencia_profesor` int NOT NULL AUTO_INCREMENT,
  `profesor_idProrfesor` int NOT NULL,
  `presente` varchar(45) NOT NULL,
  `ausente` varchar(45) NOT NULL,
  `fecha` date NOT NULL,
  PRIMARY KEY (`idasistencia_profesor`),
  KEY `fk_asistencia_profesor_profesor1_idx` (`profesor_idProrfesor`)
) ENGINE=InnoDB AUTO_INCREMENT=161 DEFAULT CHARSET=utf8mb3;

-- --------------------------------------------------------

--
-- Estructura de tabla para la tabla `carreras`
--

DROP TABLE IF EXISTS `carreras`;
CREATE TABLE IF NOT EXISTS `carreras` (
  `idCarrera` int NOT NULL AUTO_INCREMENT,
  `nombre_carrera` varchar(90) NOT NULL,
  `profesor_idProrfesor` int NOT NULL,
  PRIMARY KEY (`idCarrera`),
  KEY `fk_materia_profesor1_idx` (`profesor_idProrfesor`)
) ENGINE=InnoDB AUTO_INCREMENT=5441524 DEFAULT CHARSET=utf8mb3;

--
-- Volcado de datos para la tabla `carreras`
--

INSERT INTO `carreras` (`idCarrera`, `nombre_carrera`, `profesor_idProrfesor`) VALUES
(8, 'Programacion_web', 47),
(14, 'Operador_de_herramientas_de_marketing_y_venta_digital', 24),
(15, 'instalador_y_administrador_de_redes_informaticas', 20),
(18, 'Enfermeria 1-año', 13),
(27, 'Acompañante Terapeutico 1ro-A', 26),
(31, 'Acompañante Terapeutico 1ro-B ', 12),
(32, 'Acompañante Terapeutico 1ro-C', 12),
(33, 'Enfermeria 2do-A', 12),
(34, 'Enfermeria 2do-B', 12),
(35, 'Enfermeria 2do-C', 12),
(36, 'Enfermeria 3ro-A', 12),
(37, 'Enfermeria 3ro-B', 12),
(39, 'Enfermeria 3ro-C', 12),
(40, 'Acompañante Terapeutico 2do-A', 12),
(41, 'Acompañante Terapeutico 2do-B', 12),
(42, 'Acompañante Terapeutico 2do-C', 12),
(43, 'Acompañante Terapeutico 3ro-A', 12),
(44, 'Acompañante Terapeutico 3ro-B', 12),
(45, 'Acompañante Terapeutico 3ro-C', 12),
(46, 'Automatizacion Robotica 1ro-A', 19),
(47, 'Automatizacion Robotica 1ro-B', 12),
(48, 'Automatizacion Robotica 1ro-C', 12),
(49, 'Automatizacion Robotica 2do-A', 12),
(50, 'Automatizacion Robotica 2do-B', 12),
(51, 'Automatizacion Robotica 2do-C', 12),
(52, 'Automatizacion Robotica 3ro-A', 12),
(53, 'Automatizacion Robotica 3ro-B', 12),
(54, 'Automatizacion Robotica 3ro-C', 12),
(55, 'Comercializacion Marketing 1ro-A', 13),
(56, 'Comercializacion Marketing 1ro-B', 12),
(57, 'Comercializacion Marketing 1ro-C', 12),
(58, 'Comercializacion Marketing 2do-A', 12),
(59, 'Comercializacion Marketing 2do-B', 12),
(60, 'Comercializacion Marketing 2do-C', 12),
(61, 'Comercializacion Marketing 3ro-A', 12),
(62, 'Comercializacion Marketing 3er-B', 12),
(63, 'Comercializacion Marketing 3ro-C', 12),
(64, 'Programación', 12),
(65, 'Sin Carrera', 12);

-- --------------------------------------------------------

--
-- Estructura de tabla para la tabla `comisiones`
--

DROP TABLE IF EXISTS `comisiones`;
CREATE TABLE IF NOT EXISTS `comisiones` (
  `idComisiones` int NOT NULL AUTO_INCREMENT,
  `N_comicion` varchar(3) DEFAULT NULL,
  PRIMARY KEY (`idComisiones`)
) ENGINE=InnoDB AUTO_INCREMENT=4 DEFAULT CHARSET=utf8mb4 COLLATE=utf8mb4_0900_ai_ci;

--
-- Volcado de datos para la tabla `comisiones`
--

INSERT INTO `comisiones` (`idComisiones`, `N_comicion`) VALUES
(1, 'A'),
(2, 'B'),
(3, 'C');

-- --------------------------------------------------------

--
-- Estructura de tabla para la tabla `condicion_materia`
--

DROP TABLE IF EXISTS `condicion_materia`;
CREATE TABLE IF NOT EXISTS `condicion_materia` (
  `idcondicion_materia` int NOT NULL,
  `nombre_condicion` varchar(30) DEFAULT NULL,
  PRIMARY KEY (`idcondicion_materia`)
) ENGINE=InnoDB DEFAULT CHARSET=utf8mb3;

--
-- Volcado de datos para la tabla `condicion_materia`
--

INSERT INTO `condicion_materia` (`idcondicion_materia`, `nombre_condicion`) VALUES
(1, 'Regular'),
(2, 'Promocion'),
(3, 'Recursa'),
(4, 'Aprobó');

-- --------------------------------------------------------

--
-- Estructura de tabla para la tabla `dias_no_laborables`
--

DROP TABLE IF EXISTS `dias_no_laborables`;
CREATE TABLE IF NOT EXISTS `dias_no_laborables` (
  `iddias_no_laborables` int NOT NULL AUTO_INCREMENT,
  `fecha` date NOT NULL,
  `motivo` varchar(100) NOT NULL,
  PRIMARY KEY (`iddias_no_laborables`)
) ENGINE=InnoDB DEFAULT CHARSET=utf8mb3;

-- --------------------------------------------------------

--
-- Estructura de tabla para la tabla `dias_semana`
--

DROP TABLE IF EXISTS `dias_semana`;
CREATE TABLE IF NOT EXISTS `dias_semana` (
  `idDias_semana` int NOT NULL AUTO_INCREMENT,
  `dias` varchar(45) NOT NULL,
  PRIMARY KEY (`idDias_semana`)
) ENGINE=InnoDB DEFAULT CHARSET=utf8mb3;

-- --------------------------------------------------------

--
-- Estructura de tabla para la tabla `falta_justificada`
--

DROP TABLE IF EXISTS `falta_justificada`;
CREATE TABLE IF NOT EXISTS `falta_justificada` (
  `idfalta_justificada` int NOT NULL AUTO_INCREMENT,
  `fecha_F_J` date NOT NULL,
  `Motivo` varchar(100) NOT NULL,
  `profesor_idProrfesor` int NOT NULL,
  PRIMARY KEY (`idfalta_justificada`),
  KEY `fk_falta_justificada_profesor1_idx` (`profesor_idProrfesor`)
) ENGINE=InnoDB DEFAULT CHARSET=utf8mb3;

-- --------------------------------------------------------

--
-- Estructura de tabla para la tabla `finales`
--

DROP TABLE IF EXISTS `finales`;
CREATE TABLE IF NOT EXISTS `finales` (
  `idfinales` int NOT NULL AUTO_INCREMENT,
  `alumno_legajo` int NOT NULL,
  `materias_idMaterias` int NOT NULL,
  `tp_1` varchar(15) DEFAULT NULL,
  `tp_2` varchar(15) DEFAULT NULL,
  `parcial_1` decimal(15,5) DEFAULT NULL,
  `recuperatorio1` decimal(15,5) DEFAULT NULL,
  `to_3` varchar(15) DEFAULT NULL,
  `tp_4` varchar(15) DEFAULT NULL,
  `parcial_2` decimal(15,5) DEFAULT NULL,
  `recuperatorio2` decimal(15,5) DEFAULT NULL,
  `condicion_materia_idcondicion_materia` int NOT NULL DEFAULT '1',
  `mesa_final` int DEFAULT NULL,
  PRIMARY KEY (`idfinales`,`alumno_legajo`,`materias_idMaterias`,`condicion_materia_idcondicion_materia`),
  KEY `fk_finales_alumno1_idx` (`alumno_legajo`),
  KEY `fk_finales_condicion_materia1_idx` (`condicion_materia_idcondicion_materia`),
  KEY `fk_finales_materias1_idx` (`materias_idMaterias`)
) ENGINE=InnoDB AUTO_INCREMENT=189 DEFAULT CHARSET=utf8mb3;

--
-- Volcado de datos para la tabla `finales`
--

INSERT INTO `finales` (`idfinales`, `alumno_legajo`, `materias_idMaterias`, `tp_1`, `tp_2`, `parcial_1`, `recuperatorio1`, `to_3`, `tp_4`, `parcial_2`, `recuperatorio2`, `condicion_materia_idcondicion_materia`, `mesa_final`) VALUES
(64, 548, 142, 'Desaprobado', 'Aprobado', '8.00000', '0.00000', 'Aprobado', 'Aprobado', '9.00000', '10.00000', 1, 0),
(65, 549, 142, '', '', '0.00000', '0.00000', '', '', '0.00000', '0.00000', 1, 0),
(66, 550, 142, '', '', '0.00000', '0.00000', '', '', '0.00000', '0.00000', 1, 0),
(67, 553, 142, '', '', '0.00000', '0.00000', '', '', '0.00000', '0.00000', 1, 0),
(68, 554, 142, '', '', '0.00000', '0.00000', '', '', '0.00000', '0.00000', 1, 0),
(69, 555, 142, '', '', '0.00000', '0.00000', '', '', '0.00000', '0.00000', 1, 0),
(70, 556, 142, '', '', '0.00000', '0.00000', '', '', '0.00000', '0.00000', 1, 0),
(71, 557, 142, '', '', '0.00000', '0.00000', '', '', '0.00000', '0.00000', 1, 0),
(72, 558, 142, '', '', '0.00000', '0.00000', '', '', '0.00000', '0.00000', 1, 0),
(73, 559, 142, '', '', '0.00000', '0.00000', '', '', '0.00000', '0.00000', 1, 0),
(74, 560, 142, '', '', '0.00000', '0.00000', '', '', '0.00000', '0.00000', 1, 0),
(75, 561, 142, '', '', '0.00000', '0.00000', '', '', '0.00000', '0.00000', 1, 0),
(76, 562, 142, '', '', '0.00000', '0.00000', '', '', '0.00000', '0.00000', 1, 0),
(77, 564, 142, '', '', '0.00000', '0.00000', '', '', '0.00000', '0.00000', 1, 0),
(78, 565, 142, '', '', '0.00000', '0.00000', '', '', '0.00000', '0.00000', 1, 0),
(79, 566, 142, '', '', '0.00000', '0.00000', '', '', '0.00000', '0.00000', 1, 0),
(80, 567, 142, '', '', '0.00000', '0.00000', '', '', '0.00000', '0.00000', 1, 0),
(81, 568, 142, '', '', '0.00000', '0.00000', '', '', '0.00000', '0.00000', 1, 0),
(82, 569, 142, '', '', '0.00000', '0.00000', '', '', '0.00000', '0.00000', 1, 0),
(83, 570, 142, '', '', '0.00000', '0.00000', '', '', '0.00000', '0.00000', 1, 0),
(84, 571, 142, '', '', '0.00000', '0.00000', '', '', '0.00000', '0.00000', 1, 0),
(85, 572, 142, '', '', '0.00000', '0.00000', '', '', '0.00000', '0.00000', 1, 0),
(86, 573, 142, '', '', '0.00000', '0.00000', '', '', '0.00000', '0.00000', 1, 0),
(87, 574, 142, '', '', '0.00000', '0.00000', '', '', '0.00000', '0.00000', 1, 0),
(88, 575, 142, '', '', '0.00000', '0.00000', '', '', '0.00000', '0.00000', 1, 0),
(89, 576, 142, '', '', '0.00000', '0.00000', '', '', '0.00000', '0.00000', 1, 0),
(90, 578, 142, '', '', '0.00000', '0.00000', '', '', '0.00000', '0.00000', 1, 0),
(91, 579, 142, '', '', '0.00000', '0.00000', '', '', '0.00000', '0.00000', 1, 0),
(92, 580, 142, '', '', '0.00000', '0.00000', '', '', '0.00000', '0.00000', 1, 0),
(93, 582, 142, '', '', '0.00000', '0.00000', '', '', '0.00000', '0.00000', 1, 0),
(94, 584, 142, '', '', '0.00000', '0.00000', '', '', '0.00000', '0.00000', 1, 0),
(95, 588, 142, '', '', '0.00000', '0.00000', '', '', '0.00000', '0.00000', 1, 0),
(96, 590, 142, '', '', '0.00000', '0.00000', '', '', '0.00000', '0.00000', 1, 0),
(97, 441, 142, '', '', '0.00000', '0.00000', '', '', '0.00000', '0.00000', 1, 0),
(98, 593, 142, '', '', '0.00000', '0.00000', '', '', '0.00000', '0.00000', 1, 0),
(99, 596, 142, '', '', '0.00000', '0.00000', '', '', '0.00000', '0.00000', 1, 0),
(100, 599, 142, '', '', '0.00000', '0.00000', '', '', '0.00000', '0.00000', 1, 0),
(101, 600, 142, '', '', '0.00000', '0.00000', '', '', '0.00000', '0.00000', 1, 0),
(102, 602, 142, '', '', '0.00000', '0.00000', '', '', '0.00000', '0.00000', 1, 0),
(103, 603, 142, '', '', '0.00000', '0.00000', '', '', '0.00000', '0.00000', 1, 0),
(104, 605, 142, '', '', '0.00000', '0.00000', '', '', '0.00000', '0.00000', 1, 0),
(105, 606, 142, '', '', '0.00000', '0.00000', '', '', '0.00000', '0.00000', 1, 0),
(106, 612, 142, '', '', '0.00000', '0.00000', '', '', '0.00000', '0.00000', 1, 0),
(107, 613, 142, '', '', '0.00000', '0.00000', '', '', '0.00000', '0.00000', 1, 0),
(108, 618, 142, '', '', '0.00000', '0.00000', '', '', '0.00000', '0.00000', 1, 0),
(109, 620, 142, '', '', '0.00000', '0.00000', '', '', '0.00000', '0.00000', 1, 0),
(110, 621, 142, '', '', '0.00000', '0.00000', '', '', '0.00000', '0.00000', 1, 0),
(111, 623, 142, '', '', '0.00000', '0.00000', '', '', '0.00000', '0.00000', 1, 0),
(112, 624, 142, '', '', '0.00000', '0.00000', '', '', '0.00000', '0.00000', 1, 0),
(113, 625, 142, '', '', '0.00000', '0.00000', '', '', '0.00000', '0.00000', 1, 0),
(114, 626, 142, '', '', '0.00000', '0.00000', '', '', '0.00000', '0.00000', 1, 0),
(115, 628, 142, '', '', '0.00000', '0.00000', '', '', '0.00000', '0.00000', 1, 0),
(116, 629, 142, '', '', '0.00000', '0.00000', '', '', '0.00000', '0.00000', 1, 0),
(117, 630, 142, '', '', '0.00000', '0.00000', '', '', '0.00000', '0.00000', 1, 0),
(118, 634, 142, '', '', '0.00000', '0.00000', '', '', '0.00000', '0.00000', 1, 0),
(119, 635, 142, '', '', '0.00000', '0.00000', '', '', '0.00000', '0.00000', 1, 0),
(120, 636, 142, '', '', '0.00000', '0.00000', '', '', '0.00000', '0.00000', 1, 0),
(121, 637, 142, '', '', '0.00000', '0.00000', '', '', '0.00000', '0.00000', 1, 0),
(122, 638, 142, '', '', '0.00000', '0.00000', '', '', '0.00000', '0.00000', 1, 0),
(123, 639, 142, '', '', '0.00000', '0.00000', '', '', '0.00000', '0.00000', 1, 0),
(124, 640, 142, '', '', '0.00000', '0.00000', '', '', '0.00000', '0.00000', 1, 0),
(125, 641, 142, '', '', '0.00000', '0.00000', '', '', '0.00000', '0.00000', 1, 0),
(126, 642, 142, '', '', '0.00000', '0.00000', '', '', '0.00000', '0.00000', 1, 0),
(127, 644, 142, '', '', '0.00000', '0.00000', '', '', '0.00000', '0.00000', 1, 0),
(128, 646, 142, '', '', '0.00000', '0.00000', '', '', '0.00000', '0.00000', 1, 0),
(129, 647, 142, '', '', '0.00000', '0.00000', '', '', '0.00000', '0.00000', 1, 0),
(130, 649, 142, '', '', '0.00000', '0.00000', '', '', '0.00000', '0.00000', 1, 0),
(131, 650, 142, '', '', '0.00000', '0.00000', '', '', '0.00000', '0.00000', 1, 0),
(132, 651, 142, '', '', '0.00000', '0.00000', '', '', '0.00000', '0.00000', 1, 0),
(133, 654, 142, '', '', '0.00000', '0.00000', '', '', '0.00000', '0.00000', 1, 0),
(134, 657, 142, '', '', '0.00000', '0.00000', '', '', '0.00000', '0.00000', 1, 0),
(135, 658, 142, '', '', '0.00000', '0.00000', '', '', '0.00000', '0.00000', 1, 0),
(136, 659, 142, '', '', '0.00000', '0.00000', '', '', '0.00000', '0.00000', 1, 0),
(137, 660, 142, '', '', '0.00000', '0.00000', '', '', '0.00000', '0.00000', 1, 0),
(138, 662, 142, '', '', '0.00000', '0.00000', '', '', '0.00000', '0.00000', 1, 0),
(139, 667, 142, '', '', '0.00000', '0.00000', '', '', '0.00000', '0.00000', 1, 0),
(140, 669, 142, '', '', '0.00000', '0.00000', '', '', '0.00000', '0.00000', 1, 0),
(141, 671, 142, '', '', '0.00000', '0.00000', '', '', '0.00000', '0.00000', 1, 0),
(142, 673, 142, '', '', '0.00000', '0.00000', '', '', '0.00000', '0.00000', 1, 0),
(143, 674, 142, '', '', '0.00000', '0.00000', '', '', '0.00000', '0.00000', 1, 0),
(144, 676, 142, '', '', '0.00000', '0.00000', '', '', '0.00000', '0.00000', 1, 0),
(145, 678, 142, '', '', '0.00000', '0.00000', '', '', '0.00000', '0.00000', 1, 0),
(146, 679, 142, '', '', '0.00000', '0.00000', '', '', '0.00000', '0.00000', 1, 0),
(147, 680, 142, '', '', '0.00000', '0.00000', '', '', '0.00000', '0.00000', 1, 0),
(148, 681, 142, '', '', '0.00000', '0.00000', '', '', '0.00000', '0.00000', 1, 0),
(149, 682, 142, '', '', '0.00000', '0.00000', '', '', '0.00000', '0.00000', 1, 0),
(150, 686, 142, '', '', '0.00000', '0.00000', '', '', '0.00000', '0.00000', 1, 0),
(151, 688, 142, '', '', '0.00000', '0.00000', '', '', '0.00000', '0.00000', 1, 0),
(152, 689, 142, '', '', '0.00000', '0.00000', '', '', '0.00000', '0.00000', 1, 0),
(153, 691, 142, '', '', '0.00000', '0.00000', '', '', '0.00000', '0.00000', 1, 0),
(154, 692, 142, '', '', '0.00000', '0.00000', '', '', '0.00000', '0.00000', 1, 0),
(155, 694, 142, '', '', '0.00000', '0.00000', '', '', '0.00000', '0.00000', 1, 0),
(156, 695, 142, '', '', '0.00000', '0.00000', '', '', '0.00000', '0.00000', 1, 0),
(157, 697, 142, '', '', '0.00000', '0.00000', '', '', '0.00000', '0.00000', 1, 0),
(158, 698, 142, '', '', '0.00000', '0.00000', '', '', '0.00000', '0.00000', 1, 0),
(159, 699, 142, '', '', '0.00000', '0.00000', '', '', '0.00000', '0.00000', 1, 0),
(160, 703, 142, '', '', '0.00000', '0.00000', '', '', '0.00000', '0.00000', 1, 0),
(161, 706, 142, '', '', '0.00000', '0.00000', '', '', '0.00000', '0.00000', 1, 0),
(162, 727, 142, '', '', '0.00000', '0.00000', '', '', '0.00000', '0.00000', 1, 0),
(163, 758, 142, '', '', '0.00000', '0.00000', '', '', '0.00000', '0.00000', 1, 0),
(164, 788, 142, '', '', '0.00000', '0.00000', '', '', '0.00000', '0.00000', 1, 0),
(165, 800, 142, '', '', '0.00000', '0.00000', '', '', '0.00000', '0.00000', 1, 0),
(166, 801, 142, '', '', '0.00000', '0.00000', '', '', '0.00000', '0.00000', 1, 0),
(167, 828, 142, '', '', '0.00000', '0.00000', '', '', '0.00000', '0.00000', 1, 0),
(168, 838, 142, '', '', '0.00000', '0.00000', '', '', '0.00000', '0.00000', 1, 0),
(169, 839, 142, '', '', '0.00000', '0.00000', '', '', '0.00000', '0.00000', 1, 0),
(170, 108, 142, '', '', '0.00000', '0.00000', '', '', '0.00000', '0.00000', 1, 0),
(171, 908, 142, '', '', '0.00000', '0.00000', '', '', '0.00000', '0.00000', 1, 0),
(172, 909, 142, '', '', '0.00000', '0.00000', '', '', '0.00000', '0.00000', 1, 0),
(173, 943, 142, '', '', '0.00000', '0.00000', '', '', '0.00000', '0.00000', 1, 0),
(174, 463, 142, '', '', '0.00000', '0.00000', '', '', '0.00000', '0.00000', 1, 0),
(175, 994, 142, '', '', '0.00000', '0.00000', '', '', '0.00000', '0.00000', 1, 0),
(176, 993, 142, '', '', '0.00000', '0.00000', '', '', '0.00000', '0.00000', 1, 0),
(177, 216, 142, '', '', '0.00000', '0.00000', '', '', '0.00000', '0.00000', 1, 0),
(178, 1016, 142, '', '', '0.00000', '0.00000', '', '', '0.00000', '0.00000', 1, 0),
(179, 1018, 142, '', '', '0.00000', '0.00000', '', '', '0.00000', '0.00000', 1, 0),
(180, 1020, 142, '', '', '0.00000', '0.00000', '', '', '0.00000', '0.00000', 1, 0),
(181, 494, 142, '', '', '0.00000', '0.00000', '', '', '0.00000', '0.00000', 1, 0),
(182, 1021, 142, '', '', '0.00000', '0.00000', '', '', '0.00000', '0.00000', 1, 0),
(183, 1025, 142, '', '', '0.00000', '0.00000', '', '', '0.00000', '0.00000', 1, 0),
(184, 1030, 142, '', '', '0.00000', '0.00000', '', '', '0.00000', '0.00000', 1, 0),
(185, 1031, 142, '', '', '0.00000', '0.00000', '', '', '0.00000', '0.00000', 1, 0),
(186, 1034, 142, '', '', '0.00000', '0.00000', '', '', '0.00000', '0.00000', 1, 0),
(187, 700, 142, '', '', '0.00000', '0.00000', '', '', '0.00000', '0.00000', 1, 0),
(188, 1035, 142, '', '', '0.00000', '0.00000', '', '', '0.00000', '0.00000', 1, 0);

-- --------------------------------------------------------

--
-- Estructura de tabla para la tabla `horarios`
--

DROP TABLE IF EXISTS `horarios`;
CREATE TABLE IF NOT EXISTS `horarios` (
  `idhorarios` int NOT NULL AUTO_INCREMENT,
  `profesor_idProrfesor` int NOT NULL,
  `dias_semana_idDias_semana` int NOT NULL,
  `hs_entrada` varchar(45) NOT NULL,
  `hs_salida` varchar(45) NOT NULL,
  PRIMARY KEY (`idhorarios`),
  KEY `fk_horarios_dias_semana1_idx` (`dias_semana_idDias_semana`),
  KEY `fk_horarios_profesor1_idx` (`profesor_idProrfesor`)
) ENGINE=InnoDB DEFAULT CHARSET=utf8mb3;

-- --------------------------------------------------------

--
-- Estructura de tabla para la tabla `inasistencia`
--

DROP TABLE IF EXISTS `inasistencia`;
CREATE TABLE IF NOT EXISTS `inasistencia` (
  `idinasistencia` int NOT NULL AUTO_INCREMENT,
  `fecha` date NOT NULL,
  `profesor_idProrfesor` int NOT NULL,
  PRIMARY KEY (`idinasistencia`),
  KEY `fk_inasistencia_profesor1_idx` (`profesor_idProrfesor`)
) ENGINE=InnoDB DEFAULT CHARSET=utf8mb3;

-- --------------------------------------------------------

--
-- Estructura de tabla para la tabla `inscripcion_asignatura`
--

DROP TABLE IF EXISTS `inscripcion_asignatura`;
CREATE TABLE IF NOT EXISTS `inscripcion_asignatura` (
  `idinscripcion_asignatura` int NOT NULL AUTO_INCREMENT,
  `carreras_idCarrera` int NOT NULL,
  `comisiones_idComisiones` int NOT NULL,
  `alumno_legajo` int NOT NULL,
  `año_cursada` int DEFAULT NULL,
  PRIMARY KEY (`idinscripcion_asignatura`,`carreras_idCarrera`,`alumno_legajo`),
  KEY `fk_inscripcion_asignatura_carreras1_idx` (`carreras_idCarrera`),
  KEY `fk_inscripcion_asignatura_alumno1_idx` (`alumno_legajo`),
  KEY `fk_inscripcion_asignatura_comisiones1_idx` (`comisiones_idComisiones`)
) ENGINE=InnoDB AUTO_INCREMENT=1415 DEFAULT CHARSET=utf8mb3;

--
-- Volcado de datos para la tabla `inscripcion_asignatura`
--

INSERT INTO `inscripcion_asignatura` (`idinscripcion_asignatura`, `carreras_idCarrera`, `comisiones_idComisiones`, `alumno_legajo`, `año_cursada`) VALUES
(252, 33, 0, 13, NULL),
(253, 33, 0, 111, NULL),
(254, 33, 0, 24, NULL),
(255, 33, 0, 280, NULL),
(256, 33, 0, 440, NULL),
(259, 33, 0, 224, NULL),
(260, 33, 0, 218, NULL),
(261, 33, 0, 56, NULL),
(262, 33, 0, 260, NULL),
(263, 33, 0, 117, NULL),
(264, 33, 0, 493, NULL),
(265, 33, 0, 355, NULL),
(266, 33, 0, 129, NULL),
(267, 33, 0, 116, NULL),
(268, 33, 0, 100, NULL),
(269, 33, 0, 146, NULL),
(270, 33, 0, 272, NULL),
(271, 33, 0, 92, NULL),
(272, 33, 0, 374, NULL),
(273, 33, 0, 19, NULL),
(274, 27, 0, 545, NULL),
(275, 33, 0, 118, NULL),
(276, 33, 0, 69, NULL),
(277, 27, 0, 546, NULL),
(278, 33, 0, 103, NULL),
(279, 33, 0, 160, NULL),
(280, 33, 0, 454, NULL),
(281, 34, 0, 113, NULL),
(282, 46, 0, 547, NULL),
(284, 18, 0, 548, NULL),
(285, 33, 0, 148, NULL),
(286, 33, 0, 225, NULL),
(287, 18, 0, 549, NULL),
(288, 33, 0, 47, NULL),
(289, 33, 0, 134, NULL),
(290, 33, 0, 383, NULL),
(291, 18, 0, 550, NULL),
(292, 33, 0, 136, NULL),
(293, 33, 0, 109, NULL),
(294, 27, 0, 551, NULL),
(295, 33, 0, 149, NULL),
(296, 33, 0, 10, NULL),
(297, 27, 0, 552, NULL),
(298, 35, 0, 215, NULL),
(299, 18, 0, 553, NULL),
(300, 33, 0, 356, NULL),
(301, 33, 0, 336, NULL),
(302, 33, 0, 66, NULL),
(303, 33, 0, 209, NULL),
(304, 33, 0, 178, NULL),
(305, 33, 0, 110, NULL),
(306, 33, 0, 131, NULL),
(307, 33, 0, 139, NULL),
(308, 33, 0, 188, NULL),
(309, 33, 0, 189, NULL),
(310, 33, 0, 364, NULL),
(311, 33, 0, 373, NULL),
(312, 33, 0, 385, NULL),
(313, 33, 0, 105, NULL),
(314, 33, 0, 140, NULL),
(315, 33, 0, 156, NULL),
(316, 33, 0, 342, NULL),
(317, 33, 0, 275, NULL),
(318, 33, 0, 229, NULL),
(319, 33, 0, 67, NULL),
(322, 33, 0, 257, NULL),
(323, 33, 0, 357, NULL),
(324, 33, 0, 121, NULL),
(325, 33, 0, 470, NULL),
(326, 33, 0, 380, NULL),
(327, 33, 0, 71, NULL),
(328, 33, 0, 190, NULL),
(329, 33, 0, 127, NULL),
(330, 33, 0, 33, NULL),
(331, 33, 0, 27, NULL),
(332, 33, 0, 330, NULL),
(333, 33, 0, 408, NULL),
(334, 33, 0, 410, NULL),
(335, 33, 0, 500, NULL),
(336, 33, 0, 230, NULL),
(337, 33, 0, 450, NULL),
(338, 33, 0, 299, NULL),
(339, 33, 0, 80, NULL),
(340, 33, 0, 347, NULL),
(341, 33, 0, 65, NULL),
(342, 33, 0, 18, NULL),
(343, 33, 0, 359, NULL),
(344, 33, 0, 328, NULL),
(345, 33, 0, 37, NULL),
(346, 33, 0, 382, NULL),
(347, 33, 0, 102, NULL),
(349, 33, 0, 414, NULL),
(350, 33, 0, 279, NULL),
(351, 33, 0, 343, NULL),
(352, 33, 0, 329, NULL),
(353, 33, 0, 304, NULL),
(355, 27, 0, 581, NULL),
(356, 18, 0, 554, NULL),
(357, 18, 0, 555, NULL),
(358, 18, 0, 556, NULL),
(359, 18, 0, 557, NULL),
(360, 18, 0, 558, NULL),
(361, 18, 0, 559, NULL),
(362, 18, 0, 560, NULL),
(363, 18, 0, 561, NULL),
(364, 18, 0, 562, NULL),
(365, 18, 0, 564, NULL),
(366, 18, 0, 565, NULL),
(367, 18, 0, 566, NULL),
(368, 18, 0, 567, NULL),
(369, 18, 0, 568, NULL),
(370, 18, 0, 569, NULL),
(371, 18, 0, 570, NULL),
(372, 18, 0, 571, NULL),
(373, 18, 0, 572, NULL),
(374, 18, 0, 573, NULL),
(375, 18, 0, 574, NULL),
(376, 18, 0, 575, NULL),
(377, 18, 0, 576, NULL),
(378, 18, 0, 578, NULL),
(379, 18, 0, 579, NULL),
(380, 18, 0, 580, NULL),
(381, 18, 0, 582, NULL),
(382, 18, 0, 584, NULL),
(383, 18, 0, 588, NULL),
(384, 18, 0, 590, NULL),
(385, 18, 0, 441, NULL),
(386, 18, 0, 593, NULL),
(387, 18, 0, 596, NULL),
(388, 18, 0, 599, NULL),
(389, 18, 0, 600, NULL),
(391, 18, 0, 602, NULL),
(392, 18, 0, 603, NULL),
(393, 18, 0, 605, NULL),
(394, 18, 0, 606, NULL),
(396, 18, 0, 612, NULL),
(397, 18, 0, 613, NULL),
(399, 18, 0, 618, NULL),
(400, 18, 0, 620, NULL),
(401, 18, 0, 621, NULL),
(402, 34, 0, 622, NULL),
(403, 18, 0, 623, NULL),
(404, 18, 0, 624, NULL),
(405, 18, 0, 625, NULL),
(406, 18, 0, 626, NULL),
(408, 18, 0, 628, NULL),
(409, 18, 0, 629, NULL),
(410, 18, 0, 630, NULL),
(411, 18, 0, 634, NULL),
(412, 18, 0, 635, NULL),
(413, 18, 0, 636, NULL),
(414, 18, 0, 637, NULL),
(415, 18, 0, 638, NULL),
(513, 18, 0, 639, NULL),
(520, 18, 0, 640, NULL),
(521, 18, 0, 641, NULL),
(522, 18, 0, 642, NULL),
(581, 18, 0, 640, NULL),
(582, 18, 0, 641, NULL),
(583, 18, 0, 642, NULL),
(584, 18, 0, 644, NULL),
(586, 18, 0, 646, NULL),
(587, 18, 0, 647, NULL),
(588, 18, 0, 649, NULL),
(589, 18, 0, 650, NULL),
(590, 18, 0, 651, NULL),
(592, 18, 0, 654, NULL),
(593, 18, 0, 657, NULL),
(594, 18, 0, 658, NULL),
(595, 18, 0, 659, NULL),
(596, 18, 0, 660, NULL),
(597, 46, 0, 661, NULL),
(598, 18, 0, 662, NULL),
(601, 18, 0, 667, NULL),
(602, 18, 0, 669, NULL),
(603, 18, 0, 671, NULL),
(604, 18, 0, 673, NULL),
(605, 18, 0, 674, NULL),
(607, 18, 0, 676, NULL),
(609, 18, 0, 678, NULL),
(610, 18, 0, 679, NULL),
(611, 18, 0, 680, NULL),
(612, 18, 0, 681, NULL),
(613, 18, 0, 682, NULL),
(615, 18, 0, 686, NULL),
(616, 18, 0, 688, NULL),
(617, 18, 0, 689, NULL),
(618, 18, 0, 691, NULL),
(619, 18, 0, 692, NULL),
(620, 18, 0, 694, NULL),
(621, 18, 0, 695, NULL),
(622, 18, 0, 697, NULL),
(623, 18, 0, 698, NULL),
(624, 18, 0, 699, NULL),
(628, 18, 0, 703, NULL),
(629, 18, 0, 706, NULL),
(643, 18, 0, 727, NULL),
(660, 18, 0, 758, NULL),
(682, 18, 0, 788, NULL),
(689, 18, 0, 800, NULL),
(690, 18, 0, 801, NULL),
(715, 27, 0, 583, NULL),
(716, 27, 0, 585, NULL),
(717, 27, 0, 586, NULL),
(718, 27, 0, 587, NULL),
(719, 27, 0, 589, NULL),
(720, 27, 0, 591, NULL),
(721, 27, 0, 592, NULL),
(722, 27, 0, 597, NULL),
(723, 27, 0, 598, NULL),
(724, 27, 0, 609, NULL),
(725, 27, 0, 611, NULL),
(726, 27, 0, 614, NULL),
(727, 27, 0, 615, NULL),
(729, 27, 0, 619, NULL),
(730, 27, 0, 631, NULL),
(731, 27, 0, 632, NULL),
(732, 27, 0, 633, NULL),
(734, 27, 0, 648, NULL),
(735, 27, 0, 655, NULL),
(736, 27, 0, 656, NULL),
(737, 27, 0, 664, NULL),
(738, 31, 0, 665, NULL),
(739, 27, 0, 670, NULL),
(740, 27, 0, 684, NULL),
(741, 27, 0, 687, NULL),
(742, 27, 0, 690, NULL),
(743, 27, 0, 696, NULL),
(744, 27, 0, 705, NULL),
(745, 27, 0, 707, NULL),
(746, 27, 0, 709, NULL),
(747, 27, 0, 714, NULL),
(748, 27, 0, 715, NULL),
(749, 27, 0, 717, NULL),
(750, 27, 0, 723, NULL),
(751, 27, 0, 731, NULL),
(854, 31, 0, 732, NULL),
(855, 31, 0, 739, NULL),
(856, 31, 0, 747, NULL),
(857, 31, 0, 751, NULL),
(858, 31, 0, 754, NULL),
(859, 31, 0, 755, NULL),
(860, 27, 0, 764, NULL),
(871, 31, 0, 770, NULL),
(872, 31, 0, 771, NULL),
(873, 31, 0, 781, NULL),
(874, 31, 0, 784, NULL),
(875, 31, 0, 785, NULL),
(883, 31, 0, 786, NULL),
(885, 31, 0, 790, NULL),
(886, 31, 0, 797, NULL),
(887, 31, 0, 817, NULL),
(888, 31, 0, 821, NULL),
(889, 31, 0, 824, NULL),
(890, 31, 0, 827, NULL),
(891, 31, 0, 836, NULL),
(892, 31, 0, 840, NULL),
(893, 31, 0, 842, NULL),
(894, 31, 0, 844, NULL),
(895, 31, 0, 857, NULL),
(896, 27, 0, 862, NULL),
(897, 31, 0, 863, NULL),
(898, 31, 0, 865, NULL),
(899, 31, 0, 876, NULL),
(900, 31, 0, 878, NULL),
(901, 31, 0, 164, NULL),
(902, 31, 0, 883, NULL),
(903, 31, 0, 884, NULL),
(904, 31, 0, 885, NULL),
(905, 31, 0, 886, NULL),
(906, 31, 0, 889, NULL),
(907, 31, 0, 890, NULL),
(908, 31, 0, 894, NULL),
(909, 31, 0, 898, NULL),
(910, 31, 0, 901, NULL),
(911, 31, 0, 916, NULL),
(912, 31, 0, 323, NULL),
(913, 31, 0, 923, NULL),
(914, 31, 0, 928, NULL),
(915, 31, 0, 935, NULL),
(916, 31, 0, 940, NULL),
(917, 31, 0, 941, NULL),
(918, 27, 0, 944, NULL),
(919, 31, 0, 945, NULL),
(920, 31, 0, 950, NULL),
(921, 31, 0, 951, NULL),
(922, 31, 0, 953, NULL),
(923, 31, 0, 955, NULL),
(924, 31, 0, 956, NULL),
(925, 31, 0, 957, NULL),
(926, 31, 0, 960, NULL),
(927, 55, 0, 963, NULL),
(928, 27, 0, 967, NULL),
(929, 27, 0, 968, NULL),
(930, 27, 0, 973, NULL),
(931, 31, 0, 974, NULL),
(932, 31, 0, 977, NULL),
(933, 27, 0, 978, NULL),
(934, 18, 0, 828, NULL),
(942, 18, 0, 838, NULL),
(943, 18, 0, 839, NULL),
(959, 18, 0, 108, NULL),
(991, 18, 0, 908, NULL),
(992, 18, 0, 909, NULL),
(1011, 34, 0, 933, NULL),
(1015, 18, 0, 943, NULL),
(1030, 18, 0, 463, NULL),
(1032, 18, 0, 994, NULL),
(1037, 55, 0, 563, NULL),
(1038, 55, 0, 607, NULL),
(1039, 55, 0, 634, NULL),
(1040, 55, 0, 652, NULL),
(1041, 55, 0, 668, NULL),
(1042, 55, 0, 672, NULL),
(1043, 55, 0, 683, NULL),
(1044, 55, 0, 713, NULL),
(1045, 55, 0, 728, NULL),
(1046, 55, 0, 735, NULL),
(1047, 55, 0, 736, NULL),
(1048, 55, 0, 745, NULL),
(1049, 55, 0, 753, NULL),
(1050, 55, 0, 794, NULL),
(1051, 55, 0, 796, NULL),
(1052, 55, 0, 805, NULL),
(1053, 55, 0, 825, NULL),
(1054, 55, 0, 850, NULL),
(1055, 55, 0, 855, NULL),
(1056, 55, 0, 867, NULL),
(1057, 55, 0, 871, NULL),
(1058, 55, 0, 873, NULL),
(1059, 46, 0, 874, NULL),
(1060, 55, 0, 902, NULL),
(1061, 55, 0, 922, NULL),
(1062, 55, 0, 926, NULL),
(1063, 55, 0, 938, NULL),
(1064, 55, 0, 947, NULL),
(1066, 55, 0, 952, NULL),
(1067, 55, 0, 964, NULL),
(1068, 55, 0, 965, NULL),
(1069, 55, 0, 972, NULL),
(1070, 55, 0, 975, NULL),
(1071, 55, 0, 980, NULL),
(1072, 55, 0, 982, NULL),
(1073, 55, 0, 983, NULL),
(1074, 55, 0, 985, NULL),
(1075, 55, 0, 986, NULL),
(1076, 55, 0, 988, NULL),
(1077, 55, 0, 989, NULL),
(1078, 55, 0, 990, NULL),
(1079, 55, 0, 991, NULL),
(1080, 55, 0, 992, NULL),
(1081, 18, 0, 993, NULL),
(1082, 55, 0, 999, NULL),
(1083, 46, 0, 577, NULL),
(1084, 46, 0, 594, NULL),
(1085, 46, 0, 595, NULL),
(1086, 46, 0, 604, NULL),
(1087, 46, 0, 608, NULL),
(1088, 46, 0, 693, NULL),
(1089, 46, 0, 704, NULL),
(1090, 46, 0, 748, NULL),
(1091, 46, 0, 749, NULL),
(1092, 46, 0, 777, NULL),
(1093, 46, 0, 832, NULL),
(1094, 46, 0, 853, NULL),
(1095, 46, 0, 907, NULL),
(1096, 46, 0, 502, NULL),
(1097, 46, 0, 925, NULL),
(1098, 46, 0, 939, NULL),
(1099, 46, 0, 966, NULL),
(1100, 46, 0, 969, NULL),
(1102, 49, 0, 104, NULL),
(1103, 46, 0, 996, NULL),
(1104, 46, 0, 997, NULL),
(1105, 46, 0, 998, NULL),
(1106, 46, 0, 1000, NULL),
(1107, 46, 0, 1001, NULL),
(1108, 34, 0, 78, NULL),
(1109, 34, 0, 238, NULL),
(1110, 34, 0, 107, NULL),
(1111, 34, 0, 163, NULL),
(1112, 34, 0, 170, NULL),
(1113, 34, 0, 283, NULL),
(1114, 34, 0, 155, NULL),
(1115, 34, 0, 49, NULL),
(1116, 34, 0, 28, NULL),
(1117, 34, 0, 183, NULL),
(1118, 34, 0, 120, NULL),
(1119, 34, 0, 72, NULL),
(1120, 34, 0, 17, NULL),
(1121, 34, 0, 174, NULL),
(1122, 34, 0, 193, NULL),
(1123, 34, 0, 52, NULL),
(1124, 34, 0, 181, NULL),
(1125, 34, 0, 198, NULL),
(1126, 35, 0, 91, NULL),
(1127, 34, 0, 153, NULL),
(1128, 34, 0, 200, NULL),
(1129, 34, 0, 252, NULL),
(1130, 34, 0, 41, NULL),
(1131, 34, 0, 165, NULL),
(1132, 34, 0, 151, NULL),
(1133, 34, 0, 93, NULL),
(1134, 34, 0, 169, NULL),
(1135, 34, 0, 167, NULL),
(1136, 34, 0, 53, NULL),
(1137, 34, 0, 21, NULL),
(1138, 34, 0, 61, NULL),
(1139, 34, 0, 101, NULL),
(1140, 34, 0, 68, NULL),
(1141, 34, 0, 94, NULL),
(1142, 34, 0, 152, NULL),
(1143, 34, 0, 244, NULL),
(1144, 34, 0, 196, NULL),
(1145, 34, 0, 195, NULL),
(1146, 34, 0, 187, NULL),
(1147, 34, 0, 9, NULL),
(1148, 34, 0, 337, NULL),
(1149, 34, 0, 289, NULL),
(1150, 34, 0, 350, NULL),
(1151, 34, 0, 32, NULL),
(1152, 34, 0, 22, NULL),
(1153, 34, 0, 411, NULL),
(1154, 34, 0, 423, NULL),
(1155, 34, 0, 452, NULL),
(1156, 35, 0, 285, NULL),
(1157, 35, 0, 176, NULL),
(1158, 35, 0, 322, NULL),
(1159, 35, 0, 317, NULL),
(1161, 35, 0, 334, NULL),
(1162, 35, 0, 122, NULL),
(1163, 35, 0, 298, NULL),
(1164, 35, 0, 333, NULL),
(1165, 35, 0, 114, NULL),
(1166, 35, 0, 7, NULL),
(1167, 35, 0, 295, NULL),
(1168, 35, 0, 242, NULL),
(1169, 35, 0, 358, NULL),
(1170, 35, 0, 314, NULL),
(1171, 35, 0, 243, NULL),
(1172, 35, 0, 106, NULL),
(1173, 35, 0, 54, NULL),
(1174, 35, 0, 309, NULL),
(1175, 35, 0, 219, NULL),
(1176, 35, 0, 60, NULL),
(1177, 35, 0, 297, NULL),
(1178, 35, 0, 36, NULL),
(1180, 35, 0, 253, NULL),
(1181, 35, 0, 162, NULL),
(1182, 35, 0, 400, NULL),
(1183, 35, 0, 390, NULL),
(1184, 35, 0, 222, NULL),
(1185, 35, 0, 241, NULL),
(1186, 35, 0, 291, NULL),
(1187, 35, 0, 115, NULL),
(1188, 35, 0, 154, NULL),
(1189, 35, 0, 318, NULL),
(1190, 35, 0, 335, NULL),
(1191, 35, 0, 310, NULL),
(1192, 35, 0, 303, NULL),
(1193, 35, 0, 8, NULL),
(1194, 35, 0, 287, NULL),
(1195, 35, 0, 46, NULL),
(1196, 35, 0, 543, NULL),
(1197, 35, 0, 255, NULL),
(1198, 35, 0, 44, NULL),
(1199, 35, 0, 75, NULL),
(1200, 35, 0, 319, NULL),
(1201, 35, 0, 48, NULL),
(1203, 35, 0, 307, NULL),
(1204, 35, 0, 211, NULL),
(1205, 35, 0, 220, NULL),
(1206, 35, 0, 308, NULL),
(1207, 35, 0, 384, NULL),
(1208, 35, 0, 395, NULL),
(1209, 35, 0, 371, NULL),
(1210, 35, 0, 210, NULL),
(1211, 35, 0, 399, NULL),
(1212, 35, 0, 398, NULL),
(1213, 35, 0, 541, NULL),
(1214, 35, 0, 505, NULL),
(1215, 35, 0, 375, NULL),
(1216, 35, 0, 456, NULL),
(1217, 34, 0, 351, NULL),
(1218, 34, 0, 393, NULL),
(1219, 34, 0, 168, NULL),
(1220, 34, 0, 157, NULL),
(1221, 58, 0, 202, NULL),
(1222, 58, 0, 271, NULL),
(1223, 55, 0, 263, NULL),
(1224, 58, 0, 207, NULL),
(1225, 58, 0, 282, NULL),
(1226, 58, 0, 128, NULL),
(1227, 58, 0, 208, NULL),
(1228, 58, 0, 147, NULL),
(1229, 58, 0, 278, NULL),
(1230, 58, 0, 82, NULL),
(1231, 58, 0, 250, NULL),
(1232, 58, 0, 267, NULL),
(1233, 58, 0, 236, NULL),
(1234, 58, 0, 235, NULL),
(1235, 58, 0, 96, NULL),
(1236, 58, 0, 544, NULL),
(1237, 58, 0, 3, NULL),
(1238, 58, 0, 161, NULL),
(1239, 58, 0, 227, NULL),
(1240, 58, 0, 39, NULL),
(1241, 58, 0, 143, NULL),
(1242, 58, 0, 58, NULL),
(1243, 58, 0, 123, NULL),
(1244, 58, 0, 70, NULL),
(1245, 58, 0, 141, NULL),
(1246, 58, 0, 112, NULL),
(1247, 58, 0, 326, NULL),
(1248, 58, 0, 186, NULL),
(1249, 58, 0, 262, NULL),
(1250, 58, 0, 30, NULL),
(1251, 58, 0, 340, NULL),
(1252, 58, 0, 344, NULL),
(1253, 58, 0, 345, NULL),
(1254, 58, 0, 472, NULL),
(1255, 58, 0, 491, NULL),
(1256, 58, 0, 313, NULL),
(1257, 58, 0, 492, NULL),
(1258, 58, 0, 458, NULL),
(1259, 58, 0, 478, NULL),
(1260, 58, 0, 512, NULL),
(1261, 58, 0, 530, NULL),
(1262, 58, 0, 417, NULL),
(1263, 49, 0, 126, NULL),
(1264, 49, 0, 135, NULL),
(1265, 49, 0, 50, NULL),
(1266, 49, 0, 132, NULL),
(1267, 49, 0, 29, NULL),
(1268, 49, 0, 138, NULL),
(1269, 49, 0, 315, NULL),
(1270, 49, 0, 144, NULL),
(1271, 49, 0, 312, NULL),
(1272, 49, 0, 293, NULL),
(1273, 49, 0, 57, NULL),
(1274, 49, 0, 192, NULL),
(1275, 49, 0, 316, NULL),
(1276, 49, 0, 99, NULL),
(1277, 49, 0, 379, NULL),
(1278, 49, 0, 397, NULL),
(1279, 49, 0, 517, NULL),
(1280, 40, 0, 42, NULL),
(1281, 40, 0, 239, NULL),
(1282, 40, 0, 270, NULL),
(1283, 40, 0, 73, NULL),
(1284, 40, 0, 226, NULL),
(1285, 40, 0, 206, NULL),
(1286, 40, 0, 185, NULL),
(1287, 40, 0, 87, NULL),
(1288, 40, 0, 88, NULL),
(1289, 40, 0, 234, NULL),
(1290, 40, 0, 205, NULL),
(1291, 40, 0, 201, NULL),
(1292, 40, 0, 409, NULL),
(1293, 40, 0, 179, NULL),
(1294, 40, 0, 305, NULL),
(1295, 40, 0, 74, NULL),
(1296, 40, 0, 321, NULL),
(1297, 40, 0, 404, NULL),
(1298, 40, 0, 182, NULL),
(1299, 40, 0, 158, NULL),
(1300, 40, 0, 789, NULL),
(1301, 40, 0, 228, NULL),
(1302, 40, 0, 194, NULL),
(1303, 40, 0, 249, NULL),
(1304, 40, 0, 83, NULL),
(1305, 40, 0, 184, NULL),
(1306, 40, 0, 133, NULL),
(1307, 40, 0, 84, NULL),
(1308, 40, 0, 341, NULL),
(1309, 40, 0, 269, NULL),
(1310, 40, 0, 95, NULL),
(1311, 40, 0, 97, NULL),
(1312, 40, 0, 302, NULL),
(1313, 40, 0, 90, NULL),
(1314, 40, 0, 294, NULL),
(1315, 40, 0, 159, NULL),
(1316, 40, 0, 508, NULL),
(1317, 40, 0, 488, NULL),
(1318, 40, 0, 536, NULL),
(1319, 40, 0, 515, NULL),
(1320, 40, 0, 477, NULL),
(1321, 40, 0, 486, NULL),
(1322, 40, 0, 401, NULL),
(1323, 40, 0, 519, NULL),
(1324, 40, 0, 504, NULL),
(1325, 40, 0, 503, NULL),
(1326, 40, 0, 521, NULL),
(1327, 40, 0, 483, NULL),
(1328, 46, 0, 981, NULL),
(1329, 40, 0, 85, NULL),
(1330, 41, 0, 306, NULL),
(1331, 41, 0, 25, NULL),
(1332, 41, 0, 64, NULL),
(1333, 41, 0, 233, NULL),
(1334, 41, 0, 204, NULL),
(1335, 41, 0, 203, NULL),
(1336, 41, 0, 268, NULL),
(1337, 41, 0, 150, NULL),
(1338, 41, 0, 26, NULL),
(1339, 41, 0, 63, NULL),
(1340, 41, 0, 290, NULL),
(1341, 41, 0, 34, NULL),
(1342, 41, 0, 98, NULL),
(1343, 41, 0, 261, NULL),
(1344, 41, 0, 2, NULL),
(1345, 41, 0, 264, NULL),
(1346, 41, 0, 191, NULL),
(1347, 41, 0, 180, NULL),
(1348, 41, 0, 223, NULL),
(1349, 41, 0, 55, NULL),
(1350, 41, 0, 256, NULL),
(1351, 41, 0, 232, NULL),
(1352, 41, 0, 251, NULL),
(1353, 41, 0, 240, NULL),
(1354, 41, 0, 171, NULL),
(1355, 41, 0, 338, NULL),
(1356, 41, 0, 387, NULL),
(1357, 41, 0, 360, NULL),
(1358, 41, 0, 361, NULL),
(1359, 41, 0, 349, NULL),
(1360, 41, 0, 363, NULL),
(1361, 41, 0, 435, NULL),
(1362, 41, 0, 455, NULL),
(1363, 41, 0, 459, NULL),
(1364, 41, 0, 466, NULL),
(1365, 41, 0, 464, NULL),
(1366, 41, 0, 531, NULL),
(1367, 41, 0, 422, NULL),
(1368, 41, 0, 462, NULL),
(1369, 41, 0, 429, NULL),
(1370, 18, 0, 216, NULL),
(1371, 46, 0, 1002, NULL),
(1372, 27, 0, 1008, NULL),
(1373, 27, 0, 1011, NULL),
(1374, 27, 0, 1012, NULL),
(1375, 27, 0, 1013, NULL),
(1376, 27, 0, 643, NULL),
(1377, 31, 0, 1005, NULL),
(1378, 27, 0, 1014, NULL),
(1379, 15, 0, 1, NULL),
(1380, 33, 0, 436, NULL),
(1382, 27, 0, 1015, NULL),
(1383, 18, 0, 1016, NULL),
(1384, 27, 0, 1017, NULL),
(1385, 18, 0, 1018, NULL),
(1387, 18, 0, 1020, NULL),
(1388, 33, 0, 412, NULL),
(1389, 18, 0, 494, NULL),
(1390, 33, 0, 413, NULL),
(1391, 18, 0, 1021, NULL),
(1392, 41, 0, 525, NULL),
(1393, 41, 0, 524, NULL),
(1394, 35, 0, 484, NULL),
(1395, 40, 0, 479, NULL),
(1399, 18, 0, 1025, NULL),
(1400, 33, 0, 1026, NULL),
(1401, 35, 0, 1027, NULL),
(1402, 35, 0, 1028, NULL),
(1403, 35, 0, 1029, NULL),
(1404, 18, 0, 1030, NULL),
(1405, 18, 0, 1031, NULL),
(1407, 27, 0, 1033, NULL),
(1408, 18, 0, 1034, NULL),
(1409, 18, 0, 700, NULL),
(1411, 18, 0, 1035, NULL),
(1412, 46, 0, 1036, NULL),
(1413, 55, 0, 1037, NULL),
(1414, 55, 0, 1006, NULL);

-- --------------------------------------------------------

--
-- Estructura de tabla para la tabla `libro_tema`
--

DROP TABLE IF EXISTS `libro_tema`;
CREATE TABLE IF NOT EXISTS `libro_tema` (
  `idlibro_tema` int NOT NULL AUTO_INCREMENT,
  `profesor_idProrfesor` int NOT NULL,
  `carreras_idCarrera` int NOT NULL,
  `materias_idMaterias` int NOT NULL,
  `capacidades` varchar(60) COLLATE utf8mb4_unicode_ci DEFAULT NULL,
  `contenidos` varchar(100) COLLATE utf8mb4_unicode_ci DEFAULT NULL,
  `evaluacion` varchar(60) COLLATE utf8mb4_unicode_ci DEFAULT NULL,
  `observacion_diaria` varchar(70) COLLATE utf8mb4_unicode_ci DEFAULT NULL,
  `fecha` date DEFAULT NULL,
  PRIMARY KEY (`idlibro_tema`),
  KEY `fk_libro_tema_profesor1_idx` (`profesor_idProrfesor`),
  KEY `fk_libro_tema_carreras1_idx` (`carreras_idCarrera`),
  KEY `fk_libro_tema_materias1_idx` (`materias_idMaterias`)
) ENGINE=InnoDB AUTO_INCREMENT=2 DEFAULT CHARSET=utf8mb4 COLLATE=utf8mb4_unicode_ci;

--
-- Volcado de datos para la tabla `libro_tema`
--

INSERT INTO `libro_tema` (`idlibro_tema`, `profesor_idProrfesor`, `carreras_idCarrera`, `materias_idMaterias`, `capacidades`, `contenidos`, `evaluacion`, `observacion_diaria`, `fecha`) VALUES
(1, 29, 18, 142, 'soy un capo', 'soy un capo', 'soy un capo', NULL, '2024-05-20');

-- --------------------------------------------------------

--
-- Estructura de tabla para la tabla `licencia`
--

DROP TABLE IF EXISTS `licencia`;
CREATE TABLE IF NOT EXISTS `licencia` (
  `idLicencia` int NOT NULL AUTO_INCREMENT,
  `profesor_idProrfesor` int NOT NULL,
  `Motivo` varchar(65) NOT NULL,
  `Estado` int NOT NULL,
  PRIMARY KEY (`idLicencia`),
  KEY `fk_Licencia_profesor1_idx` (`profesor_idProrfesor`)
) ENGINE=InnoDB DEFAULT CHARSET=utf8mb3;

-- --------------------------------------------------------

--
-- Estructura de tabla para la tabla `materias`
--

DROP TABLE IF EXISTS `materias`;
CREATE TABLE IF NOT EXISTS `materias` (
  `idMaterias` int NOT NULL AUTO_INCREMENT,
  `Nombre` varchar(90) NOT NULL,
  `carreras_idCarrera` int NOT NULL,
  `profesor_idProrfesor` int NOT NULL,
  PRIMARY KEY (`idMaterias`),
  KEY `fk_materias_carreras1_idx` (`carreras_idCarrera`),
  KEY `fk_materias_profesor1_idx` (`profesor_idProrfesor`)
) ENGINE=InnoDB AUTO_INCREMENT=559 DEFAULT CHARSET=utf8mb3;

--
-- Volcado de datos para la tabla `materias`
--

INSERT INTO `materias` (`idMaterias`, `Nombre`, `carreras_idCarrera`, `profesor_idProrfesor`) VALUES
(28, 'Lengua Extranjera: Inglés Técnico I', 46, 12),
(29, 'Informática', 46, 12),
(30, 'Inclusión Educativa', 46, 12),
(31, 'Matemática', 46, 12),
(32, 'Electrónica', 46, 12),
(33, 'Sistemas de Representación Gráfica', 46, 12),
(34, 'Física', 46, 12),
(35, 'Práctica Profesionalizante I: Mecánica de la Robótica', 46, 12),
(92, '\r\nLengua Extranjera: Inglés Técnico II', 49, 12),
(93, 'Seguridad e Higiene', 49, 12),
(94, 'Programación', 49, 12),
(95, 'Álgebra', 46, 12),
(96, 'Equipos y Aparatos Eléctricos', 49, 12),
(97, 'Microcontroladores', 49, 12),
(98, 'Práctica Profesionalizante II: Control de Motores Eléctricos y Laboratorio de PLC\'S\r\n', 49, 12),
(99, 'Seminario: Laboratorio de Microcontroladores', 49, 12),
(116, 'Legislación y Ejercicio Profesional', 52, 12),
(117, 'Sistemas de Control', 52, 12),
(118, 'Automatismo', 52, 12),
(119, 'Robótica', 52, 12),
(120, 'Seminario: Laboratorio de Simulación', 52, 12),
(121, 'Práctica Profesionalizante III: Proyecto Final y Pasantía', 52, 12),
(135, 'General-Programador-Web', 8, 47),
(139, 'EDI I', 18, 36),
(140, 'Comunicación en Salud', 18, 27),
(141, 'Lengua Extranjera: portugués', 18, 39),
(142, 'Anatomía y Fisiología', 18, 29),
(143, 'Salud Pública', 18, 34),
(144, 'Fisicoquímica', 18, 29),
(145, 'Ciencias Psicosociales', 18, 26),
(146, 'Nutrición', 18, 31),
(147, 'Fundamentos de la Enfermería', 18, 33),
(148, 'Práctica Profesionalizante I', 18, 34),
(149, 'Tecnología de la Información y la Comunicación', 18, 16),
(172, 'Lengua Extranjera: inglés', 33, 12),
(173, '\r\nEDI II', 33, 12),
(174, 'Microbiología y Parasitología', 33, 12),
(175, 'Cuidados de Enfermería a la Familia, al Niño y Adolescente', 33, 12),
(176, 'Cuidados de Enfermería Comunitaria', 33, 12),
(177, 'Farmacología', 33, 12),
(178, 'Práctica Profesionalizante II', 33, 12),
(193, 'Ética y Deontología', 36, 12),
(194, 'EDI III', 36, 12),
(195, 'Principios de la Administración en Enfermería', 36, 12),
(196, 'Metodología de la Investigación', 36, 12),
(197, 'Lengua Extranjera: Inglés Técnico', 36, 12),
(198, 'Cuidados en Enfermería a los Adultos y Ancianos', 36, 12),
(199, 'Cuidados de Enfermería en Salud Mental', 36, 12),
(200, 'Práctica Profesionalizante III', 36, 12),
(201, 'Residencia', 36, 12),
(220, '\r\nEconomía', 55, 12),
(221, '\r\nLengua Extranjera: Portugués', 55, 12),
(222, 'Matemática Financiera', 55, 12),
(223, '\r\nDerecho Comercial', 55, 12),
(224, 'Administración I', 55, 12),
(225, '\r\nContabilidad Básica', 55, 12),
(226, 'Seminario I: Informática Administrativa', 55, 12),
(227, 'Práctica Profesionalizante I: Análisis del Entorno Socioeconómico', 55, 12),
(244, 'Lengua Extranjera: Inglés I', 58, 12),
(245, 'Administración de Recursos Humanos', 58, 12),
(246, 'Estadística', 58, 12),
(247, 'Gestión Publicitaria', 58, 12),
(248, 'Contabilidad Superior', 58, 12),
(249, 'Marketing y Comercialización I', 58, 12),
(250, 'Seminario II: Comercio Electrónico', 58, 12),
(251, 'Práctica Profesionalizante II: Gestión y Administración de Proyectos', 58, 12),
(268, '\r\nLengua Extranjera: Inglés Técnico', 61, 12),
(269, '\r\nPolítica de Productos y Logística', 61, 12),
(270, 'Negociación', 61, 12),
(271, 'Marketing y Comercialización II', 61, 12),
(272, 'Seminario III: Investigación del Mercado', 61, 12),
(273, 'Práctica Profesionalizante III: Pasantia', 61, 12),
(286, 'Taller de Oralidad', 27, 12),
(287, 'Biología Humana', 27, 12),
(288, 'Introducción a la investigación en salud', 27, 12),
(289, 'Fundamentos de la Psicología general y de la intervención', 27, 12),
(290, '\r\nIntroducción al Campo de la Salud', 27, 12),
(291, 'Practicas Profesionalizantes I', 27, 12),
(304, 'Modalidades de Intervención en el Acompañante Terapéutico', 40, 12),
(305, 'Dinámica Grupal', 40, 12),
(306, 'Teoría Psicosocial y Comunitaria', 40, 12),
(307, 'Psicología Evolutiva', 40, 12),
(308, 'Psicopatología', 40, 12),
(309, 'Seminario I: Tecnología de la Información y la Comunicación', 27, 12),
(310, 'Práctica Profesionalizantes II', 40, 12),
(311, 'Seminario II: Sistemas Familiares', 40, 12),
(312, 'Seminario III: Trastornos crónicos y Degenerativos', 40, 12),
(331, '\r\nÉtica y Deontología Profesional', 43, 12),
(332, '\r\nCorrientes Psicológicas Contemporáneas', 43, 12),
(333, 'Principios Médicos y de Psicofarmacología', 43, 12),
(334, 'Acompañamiento Terapéutico en la Niñez y la Adolescencia', 43, 12),
(335, 'Acompañamiento Terapéutico del Adulto y Adulto Mayor', 43, 12),
(336, 'Práctica Profesionalizantes III', 43, 12),
(337, 'Seminario IV: Integración Escolar', 43, 12),
(353, 'General-Redes', 15, 12),
(359, 'General-FP-Marketing', 14, 12),
(363, 'Lengua Extranjera: Inglés Técnico I', 47, 12),
(364, 'Informática', 47, 12),
(365, 'Inclusión Educativa', 47, 12),
(366, 'Matemática', 47, 12),
(367, 'Electrónica', 47, 12),
(368, 'Sistemas de Representación Gráfica', 47, 12),
(369, 'Física', 47, 12),
(370, 'Práctica Profesionalizante I: Mecánica de la Robótica', 47, 12),
(371, '\r\nLengua Extranjera: Inglés Técnico II', 50, 12),
(372, 'Seguridad e Higiene', 50, 12),
(373, 'Programación', 50, 12),
(374, 'Álgebra', 48, 12),
(375, 'Equipos y Aparatos Eléctricos', 50, 12),
(376, 'Microcontroladores', 50, 12),
(377, 'Práctica Profesionalizante II: Control de Motores Eléctricos y Laboratorio de PLC\'S\r\n', 50, 12),
(378, 'Seminario: Laboratorio de Microcontroladores', 50, 12),
(379, 'Legislación y Ejercicio Profesional', 53, 12),
(380, 'Sistemas de Control', 53, 12),
(381, 'Automatismo', 53, 12),
(382, 'Robótica', 53, 12),
(383, 'Seminario: Laboratorio de Simulación', 53, 12),
(384, 'Práctica Profesionalizante III: Proyecto Final y Pasantía', 53, 12),
(385, 'Lengua Extranjera: Inglés Técnico I', 48, 12),
(386, 'Informática', 48, 12),
(387, 'Inclusión Educativa', 48, 12),
(388, 'Matemática', 48, 12),
(389, 'Electrónica', 48, 12),
(390, 'Sistemas de Representación Gráfica', 48, 12),
(391, 'Física', 48, 12),
(392, 'Práctica Profesionalizante I: Mecánica de la Robótica', 48, 12),
(393, '\r\nLengua Extranjera: Inglés Técnico II', 51, 12),
(394, 'Seguridad e Higiene', 51, 12),
(395, 'Programación', 51, 12),
(396, 'Álgebra', 47, 12),
(397, 'Equipos y Aparatos Eléctricos', 51, 12),
(398, 'Microcontroladores', 51, 12),
(399, 'Práctica Profesionalizante II: Control de Motores Eléctricos y Laboratorio de PLC\'S\r\n', 51, 12),
(400, 'Seminario: Laboratorio de Microcontroladores', 51, 12),
(401, 'Legislación y Ejercicio Profesional', 54, 12),
(402, 'Sistemas de Control', 54, 12),
(403, 'Automatismo', 54, 12),
(404, 'Robótica', 54, 12),
(405, 'Seminario: Laboratorio de Simulación', 54, 12),
(406, 'Práctica Profesionalizante III: Proyecto Final y Pasantía', 54, 12),
(407, 'Práctica Profesionalizante III: Proyecto Final y Pasantía', 54, 12),
(430, 'Lengua Extranjera: inglés', 34, 12),
(431, '\r\nEDI II', 34, 12),
(432, 'Microbiología y Parasitología', 34, 12),
(433, 'Cuidados de Enfermería a la Familia, al Niño y Adolescente', 34, 12),
(434, 'Cuidados de Enfermería Comunitaria', 34, 12),
(435, 'Farmacología', 34, 12),
(436, 'Práctica Profesionalizante II', 34, 12),
(437, 'Lengua Extranjera: inglés', 35, 12),
(438, '\r\nEDI II', 35, 12),
(439, 'Microbiología y Parasitología', 35, 12),
(440, 'Cuidados de Enfermería a la Familia, al Niño y Adolescente', 35, 12),
(441, 'Cuidados de Enfermería Comunitaria', 35, 12),
(442, 'Farmacología', 35, 12),
(443, 'Práctica Profesionalizante II', 35, 12),
(444, 'Ética y Deontología', 37, 12),
(445, 'EDI III', 37, 12),
(446, 'Principios de la Administración en Enfermería', 37, 12),
(447, 'Metodología de la Investigación', 37, 12),
(448, 'Lengua Extranjera: Inglés Técnico', 37, 12),
(449, 'Cuidados en Enfermería a los Adultos y Ancianos', 37, 12),
(450, 'Cuidados de Enfermería en Salud Mental', 37, 12),
(451, 'Práctica Profesionalizante III', 37, 12),
(452, 'Residencia', 37, 12),
(453, 'Ética y Deontología', 39, 12),
(454, 'EDI III', 39, 12),
(455, 'Principios de la Administración en Enfermería', 39, 12),
(456, 'Metodología de la Investigación', 39, 12),
(457, 'Lengua Extranjera: Inglés Técnico', 39, 12),
(458, 'Cuidados en Enfermería a los Adultos y Ancianos', 39, 12),
(459, 'Cuidados de Enfermería en Salud Mental', 39, 12),
(460, 'Práctica Profesionalizante III', 39, 12),
(461, 'Residencia', 39, 12),
(462, '\r\nEconomía', 56, 12),
(463, '\r\nLengua Extranjera: Portugués', 56, 12),
(464, 'Matemática Financiera', 56, 12),
(465, '\r\nDerecho Comercial', 56, 12),
(466, 'Administración I', 56, 12),
(467, '\r\nContabilidad Básica', 56, 12),
(468, 'Seminario I: Informática Administrativa', 56, 12),
(469, 'Práctica Profesionalizante I: Análisis del Entorno Socioeconómico', 56, 12),
(470, '\r\nEconomía', 57, 12),
(471, '\r\nLengua Extranjera: Portugués', 57, 12),
(472, 'Matemática Financiera', 57, 12),
(473, '\r\nDerecho Comercial', 57, 12),
(474, 'Administración I', 57, 12),
(475, '\r\nContabilidad Básica', 57, 12),
(476, 'Seminario I: Informática Administrativa', 57, 12),
(477, 'Práctica Profesionalizante I: Análisis del Entorno Socioeconómico', 57, 12),
(478, 'Lengua Extranjera: Inglés I', 59, 12),
(479, 'Administración de Recursos Humanos', 59, 12),
(480, 'Estadística', 59, 12),
(481, 'Gestión Publicitaria', 59, 12),
(482, 'Contabilidad Superior', 59, 12),
(483, 'Marketing y Comercialización I', 59, 12),
(484, 'Seminario II: Comercio Electrónico', 59, 12),
(485, 'Práctica Profesionalizante II: Gestión y Administración de Proyectos', 59, 12),
(486, 'Lengua Extranjera: Inglés I', 60, 12),
(487, 'Administración de Recursos Humanos', 60, 12),
(488, 'Estadística', 60, 12),
(489, 'Gestión Publicitaria', 60, 12),
(490, 'Contabilidad Superior', 60, 12),
(491, 'Marketing y Comercialización I', 60, 12),
(492, 'Seminario II: Comercio Electrónico', 60, 12),
(493, 'Práctica Profesionalizante II: Gestión y Administración de Proyectos', 60, 12),
(494, 'Lengua Extranjera: Inglés Técnico\"', 62, 12),
(495, 'Política de Productos y Logística\"', 62, 12),
(496, 'Negociación', 62, 12),
(497, 'Marketing y Comercialización II', 62, 12),
(498, 'Seminario III: Investigación del Mercado', 62, 12),
(499, 'Práctica Profesionalizante III: Pasantia', 62, 12),
(500, 'Lengua Extranjera: Inglés Técnico\"', 63, 12),
(501, 'Política de Productos y Logística\"', 63, 12),
(502, 'Negociación', 63, 12),
(503, 'Marketing y Comercialización II', 63, 12),
(504, 'Seminario III: Investigación del Mercado', 63, 12),
(505, 'Práctica Profesionalizante III: Pasantia', 63, 12),
(506, 'Taller de Oralidad', 31, 12),
(507, 'Biología Humana', 31, 12),
(508, 'Introducción a la investigación en salud', 31, 12),
(509, 'Fundamentos de la Psicología general y de la intervención', 31, 12),
(510, 'Introducción al Campo de la Salud\"', 31, 12),
(511, 'Practicas Profesionalizantes I', 31, 12),
(512, 'Taller de Oralidad', 32, 12),
(513, 'Biología Humana', 32, 12),
(514, 'Introducción a la investigación en salud', 32, 12),
(515, 'Fundamentos de la Psicología general y de la intervención', 32, 12),
(516, 'Introducción al Campo de la Salud\"', 32, 12),
(517, 'Practicas Profesionalizantes I', 32, 12),
(518, 'Modalidades de Intervención en el Acompañante Terapéutico', 34, 12),
(519, 'Dinámica Grupal', 34, 12),
(520, 'Teoría Psicosocial y Comunitaria', 34, 12),
(521, 'Psicología Evolutiva', 34, 12),
(522, 'Psicopatología', 34, 12),
(523, 'Seminario I: Tecnología de la Información y la Comunicación', 31, 12),
(524, 'Práctica Profesionalizantes II', 34, 12),
(525, 'Seminario II: Sistemas Familiares', 34, 12),
(526, 'Seminario III: Trastornos crónicos y Degenerativos', 34, 12),
(527, 'Modalidades de Intervención en el Acompañante Terapéutico', 35, 12),
(528, 'Dinámica Grupal', 35, 12),
(529, 'Teoría Psicosocial y Comunitaria', 35, 12),
(530, 'Psicología Evolutiva', 35, 12),
(531, 'Psicopatología', 35, 12),
(532, 'Seminario I: Tecnología de la Información y la Comunicación', 32, 12),
(533, 'Práctica Profesionalizantes II', 35, 12),
(534, 'Seminario II: Sistemas Familiares', 35, 12),
(535, 'Seminario III: Trastornos crónicos y Degenerativos', 35, 12),
(536, 'Seminario III: Trastornos crónicos y Degenerativos', 44, 12),
(537, 'Corrientes Psicológicas Contemporáneas\"', 44, 12),
(538, 'Principios Médicos y de Psicofarmacología', 44, 12),
(539, 'Acompañamiento Terapéutico en la Niñez y la Adolescencia', 44, 12),
(540, 'Acompañamiento Terapéutico del Adulto y Adulto Mayor', 44, 12),
(541, 'Práctica Profesionalizantes III', 44, 12),
(542, 'Seminario IV: Integración Escolar', 44, 12),
(543, 'Seminario III: Trastornos crónicos y Degenerativos', 45, 12),
(544, 'Corrientes Psicológicas Contemporáneas\"', 45, 12),
(545, 'Principios Médicos y de Psicofarmacología', 45, 12),
(546, 'Acompañamiento Terapéutico en la Niñez y la Adolescencia', 45, 12),
(547, 'Acompañamiento Terapéutico del Adulto y Adulto Mayor', 45, 12),
(548, 'Práctica Profesionalizantes III', 45, 12),
(549, 'Seminario IV: Integración Escolar', 45, 12),
(550, 'Modalidades de Intervención en el Acompañante Terapéutico', 41, 12),
(551, 'Dinámica Grupal', 41, 12),
(552, 'Teoría Psicosocial y Comunitaria', 41, 12),
(553, 'Psicología Evolutiva', 41, 12),
(554, 'Psicopatología', 41, 12),
(555, 'Práctica Profesionalizantes II', 41, 12),
(556, 'Seminario II: Sistemas Familiares', 41, 12),
(557, 'Seminario III: Trastornos crónicos y Degenerativos', 41, 12),
(558, 'General-Programador', 64, 12);

-- --------------------------------------------------------

--
-- Estructura de tabla para la tabla `preceptores`
--

DROP TABLE IF EXISTS `preceptores`;
CREATE TABLE IF NOT EXISTS `preceptores` (
  `idpreceptores` int NOT NULL AUTO_INCREMENT,
  `carreras_idCarrera` int NOT NULL,
  `profesor_idProrfesor` int NOT NULL,
  PRIMARY KEY (`idpreceptores`,`carreras_idCarrera`,`profesor_idProrfesor`),
  KEY `fk_preceptores_carreras1_idx` (`carreras_idCarrera`),
  KEY `fk_preceptores_profesor1_idx` (`profesor_idProrfesor`)
) ENGINE=InnoDB AUTO_INCREMENT=16 DEFAULT CHARSET=utf8mb3;

--
-- Volcado de datos para la tabla `preceptores`
--

INSERT INTO `preceptores` (`idpreceptores`, `carreras_idCarrera`, `profesor_idProrfesor`) VALUES
(10, 18, 52),
(8, 27, 51),
(9, 31, 51),
(13, 33, 53),
(14, 34, 53),
(15, 35, 53),
(1, 40, 55),
(2, 41, 55),
(3, 42, 55),
(11, 46, 52),
(12, 49, 52),
(7, 55, 44),
(5, 58, 35);

-- --------------------------------------------------------

--
-- Estructura de tabla para la tabla `profesor`
--

DROP TABLE IF EXISTS `profesor`;
CREATE TABLE IF NOT EXISTS `profesor` (
  `idProrfesor` int NOT NULL AUTO_INCREMENT,
  `nombre_profe` varchar(45) NOT NULL,
  `apellido_profe` varchar(45) NOT NULL,
  `dni_profe` int DEFAULT NULL,
  `celular` varchar(20) NOT NULL,
  `email` varchar(90) DEFAULT NULL,
  `usuario` varchar(45) DEFAULT NULL,
  `pass` varchar(45) DEFAULT NULL,
  `rol` int DEFAULT NULL,
  `Titulo` varchar(120) DEFAULT NULL,
  `Direccion` varchar(70) DEFAULT NULL,
  PRIMARY KEY (`idProrfesor`)
) ENGINE=InnoDB AUTO_INCREMENT=56 DEFAULT CHARSET=utf8mb3;

--
-- Volcado de datos para la tabla `profesor`
--

INSERT INTO `profesor` (`idProrfesor`, `nombre_profe`, `apellido_profe`, `dni_profe`, `celular`, `email`, `usuario`, `pass`, `rol`, `Titulo`, `Direccion`) VALUES
(12, 'luciano', 'barros', 44621492, '3764820012', NULL, 'estraimor', '44621492', 2, NULL, NULL),
(13, 'Alejandro', 'Arroyo', 35694449, '3751609519', NULL, NULL, NULL, NULL, NULL, NULL),
(14, 'Florencia', 'Kramer', 39046717, '3764720388', NULL, NULL, NULL, NULL, NULL, NULL),
(15, 'Bruno', 'Micheloni', 34448144, '3764869944', NULL, 'Bruno', 'BRUNOmicheloni8144', 9, NULL, NULL),
(16, 'Carlos', 'Priora', 26873246, '3764898565', NULL, NULL, NULL, NULL, NULL, NULL),
(17, 'Constanza', 'Logegaray', 31759209, '3764283674', NULL, NULL, NULL, NULL, NULL, NULL),
(18, 'Miriam', 'Dávalos', 32297782, '3764666837', NULL, NULL, NULL, NULL, NULL, NULL),
(19, 'Eleonora', 'Ziessmann', 32664226, '3743455036', NULL, NULL, NULL, NULL, NULL, NULL),
(20, 'Fabio', 'Mendez', 29596110, '3765117466', NULL, NULL, NULL, NULL, NULL, NULL),
(21, 'Florencia', 'Manzur', 36268903, '3764632494', NULL, NULL, NULL, NULL, NULL, NULL),
(22, 'Henry', 'Kotinski', 23189198, '3764394881', NULL, NULL, NULL, NULL, NULL, NULL),
(23, 'Juan Pablo', 'Kostlin', 92425130, '3764236333', NULL, NULL, NULL, NULL, NULL, NULL),
(24, 'Jimena', 'Acuña', 34895714, '3764865943', NULL, NULL, NULL, NULL, NULL, NULL),
(25, 'Angélica', 'Gularte', 30785038, '3764811380', NULL, NULL, NULL, NULL, NULL, NULL),
(26, 'Fabián', 'Paredes', 33425235, '3765038209', NULL, NULL, NULL, NULL, NULL, NULL),
(27, 'Griselda', 'Acuña', 29596110, '3764615010', NULL, 'prueba1', 'prueba1', 10, NULL, NULL),
(28, 'Karen', 'Baukloh', 33074636, '3764547334', NULL, NULL, NULL, NULL, NULL, NULL),
(29, 'Mariela', 'Bustamante', 27999786, '3764732642', NULL, 'prueba2', 'prueba2', 10, NULL, NULL),
(30, 'Santiago', 'Benedetto', 32178713, '3764214231', NULL, NULL, NULL, NULL, NULL, NULL),
(31, 'Silvana', 'Enciso', 39228890, '3764725369', NULL, NULL, NULL, NULL, NULL, NULL),
(32, 'Susana', 'Fretes', 26286277, '3764313514', NULL, NULL, NULL, NULL, NULL, NULL),
(33, 'Alejandra', 'Tiscornia', 28163146, '3764607181', NULL, NULL, NULL, NULL, NULL, NULL),
(34, 'Gabriela', 'Reyna', 29010066, '3764618620', NULL, NULL, NULL, NULL, NULL, NULL),
(35, 'Manuel', 'Salas', 33900308, '3764794055', NULL, 'Salasmanuel', 'MANUELsalas0308', 3, NULL, NULL),
(36, 'Marianne Sol', 'Hummen', 39946806, '3758401676', NULL, NULL, NULL, NULL, NULL, NULL),
(37, 'Marina', 'Welchen', 36062526, '3765250572', NULL, NULL, NULL, NULL, NULL, NULL),
(38, 'Veronica', 'Neis', 41231164, '3743505218', NULL, NULL, NULL, NULL, NULL, NULL),
(39, 'Pamela', 'Rehbein', 37083505, '3764827833', NULL, NULL, NULL, NULL, NULL, NULL),
(40, 'Marina', 'Pulutranka', 26610153, '3764831632', NULL, NULL, NULL, NULL, NULL, NULL),
(41, 'Daiana', 'Martin', 41616406, '3764180162', NULL, NULL, NULL, NULL, NULL, NULL),
(42, 'Patricia', 'Monzón', 31133280, '3764204471', NULL, NULL, NULL, NULL, NULL, NULL),
(43, 'Silvina', 'Benitez', 33527555, '3751448625', NULL, NULL, NULL, NULL, NULL, NULL),
(44, 'Jorge', 'Torales', 29225162, '3751563538', NULL, 'toralesjorge', 'JORGEtorales5162', 6, NULL, NULL),
(45, 'Roberto', 'Mendoza', 36403771, '3743565210', NULL, 'Robertomendoza', 'MENDOZAroberto3771', 1, NULL, NULL),
(46, 'Anibal Ramon', 'Arroyos', 24854401, '3743527081', NULL, NULL, NULL, NULL, NULL, NULL),
(47, 'Nestor Emanuel', 'Ruiz', 45452735, '3764510577', NULL, NULL, NULL, NULL, NULL, NULL),
(48, 'Pablo', 'Edelman', 30002479, '3764115834', NULL, NULL, NULL, NULL, NULL, NULL),
(49, 'Nestor Emanuel ', 'Ruiz', 45452735, '3764510577', NULL, 'nestor', 'RUIZnestor2735', 2, NULL, NULL),
(50, 'Carla Paola', 'Giménez', 32297835, '3764328286', NULL, 'Gimenezcarla', 'CARLAgimenez7835', 7, NULL, NULL),
(51, 'Lilian Mariela', 'Nasadyk ', 25201567, '3764762482', NULL, 'mariela', 'Mariela25201', 4, NULL, NULL),
(52, 'Carla Dahiana', 'Kansel ', 34733690, '3764898170', NULL, 'KanselCarla', 'CARLAkansel3690', 5, NULL, NULL),
(53, 'Pazzis ', 'Brzezicki', 37221007, '37221007', NULL, 'Pazzis ', 'Pazzisbrzezicki1007', 8, NULL, NULL),
(55, 'Rocío Jesús belén', 'Aparicio ', 34018267, '3764127980', NULL, 'Rocíojesús ', 'ROCIOaparicio8267 ', 11, 'analista de sistemas/preceptor', 'barrio a 3 2 mz 25 casa 14');

-- --------------------------------------------------------

--
-- Estructura de tabla para la tabla `vacaciones`
--

DROP TABLE IF EXISTS `vacaciones`;
CREATE TABLE IF NOT EXISTS `vacaciones` (
  `idvacaciones` int NOT NULL,
  `fecha_ini` date NOT NULL,
  `fecha_fin` date NOT NULL,
  PRIMARY KEY (`idvacaciones`)
) ENGINE=InnoDB DEFAULT CHARSET=utf8mb3;

--
-- Restricciones para tablas volcadas
--

--
-- Filtros para la tabla `alumnos_fp`
--
ALTER TABLE `alumnos_fp`
  ADD CONSTRAINT `fk_alumnos_fp_carreras1` FOREIGN KEY (`carreras_idCarrera`) REFERENCES `carreras` (`idCarrera`),
  ADD CONSTRAINT `fk_alumnos_fp_carreras2` FOREIGN KEY (`carreras_idCarrera1`) REFERENCES `carreras` (`idCarrera`),
  ADD CONSTRAINT `fk_alumnos_fp_carreras3` FOREIGN KEY (`carreras_idCarrera2`) REFERENCES `carreras` (`idCarrera`),
  ADD CONSTRAINT `fk_alumnos_fp_carreras4` FOREIGN KEY (`carreras_idCarrera3`) REFERENCES `carreras` (`idCarrera`);

--
-- Filtros para la tabla `alumnos_justificados`
--
ALTER TABLE `alumnos_justificados`
  ADD CONSTRAINT `fk_alumnos_justificados_inscripcion_asignatura1` FOREIGN KEY (`inscripcion_asignatura_idinscripcion_asignatura`,`inscripcion_asignatura_carreras_idCarrera`,`inscripcion_asignatura_alumno_legajo`) REFERENCES `inscripcion_asignatura` (`idinscripcion_asignatura`, `carreras_idCarrera`, `alumno_legajo`),
  ADD CONSTRAINT `fk_alumnos_justificados_materias1` FOREIGN KEY (`materias_idMaterias`) REFERENCES `materias` (`idMaterias`),
  ADD CONSTRAINT `fk_alumnos_justificados_materias2` FOREIGN KEY (`materias_idMaterias1`) REFERENCES `materias` (`idMaterias`);

--
-- Filtros para la tabla `alumnos_rat`
--
ALTER TABLE `alumnos_rat`
  ADD CONSTRAINT `fk_alumno_has_profesor_alumno1` FOREIGN KEY (`alumno_legajo`) REFERENCES `alumno` (`legajo`),
  ADD CONSTRAINT `fk_alumno_has_profesor_carreras1` FOREIGN KEY (`carreras_idCarrera`) REFERENCES `carreras` (`idCarrera`),
  ADD CONSTRAINT `fk_alumnos_rat_materias1` FOREIGN KEY (`materias_idMaterias`) REFERENCES `materias` (`idMaterias`),
  ADD CONSTRAINT `fk_alumnos_rat_profesor1` FOREIGN KEY (`profesor_idProrfesor`) REFERENCES `profesor` (`idProrfesor`);

--
-- Filtros para la tabla `asistencia`
--
ALTER TABLE `asistencia`
  ADD CONSTRAINT `fk_asistencia_materias1` FOREIGN KEY (`materias_idMaterias`) REFERENCES `materias` (`idMaterias`);

--
-- Filtros para la tabla `asistencia_fp`
--
ALTER TABLE `asistencia_fp`
  ADD CONSTRAINT `fk_asistencia_FP_alumnos_fp1` FOREIGN KEY (`alumnos_fp_idalumnos_fp`,`alumnos_fp_legajo_afp`) REFERENCES `alumnos_fp` (`idalumnos_fp`, `legajo_afp`),
  ADD CONSTRAINT `fk_asistencia_FP_carreras1` FOREIGN KEY (`carreras_idCarrera`) REFERENCES `carreras` (`idCarrera`),
  ADD CONSTRAINT `fk_asistencia_FP_materias1` FOREIGN KEY (`materias_idMaterias`) REFERENCES `materias` (`idMaterias`);

--
-- Filtros para la tabla `asistencia_profesor`
--
ALTER TABLE `asistencia_profesor`
  ADD CONSTRAINT `fk_asistencia_profesor_profesor1` FOREIGN KEY (`profesor_idProrfesor`) REFERENCES `profesor` (`idProrfesor`);

--
-- Filtros para la tabla `carreras`
--
ALTER TABLE `carreras`
  ADD CONSTRAINT `fk_materia_profesor1` FOREIGN KEY (`profesor_idProrfesor`) REFERENCES `profesor` (`idProrfesor`);

--
-- Filtros para la tabla `falta_justificada`
--
ALTER TABLE `falta_justificada`
  ADD CONSTRAINT `fk_falta_justificada_profesor1` FOREIGN KEY (`profesor_idProrfesor`) REFERENCES `profesor` (`idProrfesor`);

--
-- Filtros para la tabla `finales`
--
ALTER TABLE `finales`
  ADD CONSTRAINT `fk_finales_alumno1` FOREIGN KEY (`alumno_legajo`) REFERENCES `alumno` (`legajo`),
  ADD CONSTRAINT `fk_finales_condicion_materia1` FOREIGN KEY (`condicion_materia_idcondicion_materia`) REFERENCES `condicion_materia` (`idcondicion_materia`),
  ADD CONSTRAINT `fk_finales_materias1` FOREIGN KEY (`materias_idMaterias`) REFERENCES `materias` (`idMaterias`);

--
-- Filtros para la tabla `horarios`
--
ALTER TABLE `horarios`
  ADD CONSTRAINT `fk_horarios_dias_semana1` FOREIGN KEY (`dias_semana_idDias_semana`) REFERENCES `dias_semana` (`idDias_semana`),
  ADD CONSTRAINT `fk_horarios_profesor1` FOREIGN KEY (`profesor_idProrfesor`) REFERENCES `profesor` (`idProrfesor`);

--
-- Filtros para la tabla `inasistencia`
--
ALTER TABLE `inasistencia`
  ADD CONSTRAINT `fk_inasistencia_profesor1` FOREIGN KEY (`profesor_idProrfesor`) REFERENCES `profesor` (`idProrfesor`);

--
-- Filtros para la tabla `inscripcion_asignatura`
--
ALTER TABLE `inscripcion_asignatura`
  ADD CONSTRAINT `fk_inscripcion_asignatura_alumno1` FOREIGN KEY (`alumno_legajo`) REFERENCES `alumno` (`legajo`),
  ADD CONSTRAINT `fk_inscripcion_asignatura_carreras1` FOREIGN KEY (`carreras_idCarrera`) REFERENCES `carreras` (`idCarrera`);

--
-- Filtros para la tabla `libro_tema`
--
ALTER TABLE `libro_tema`
  ADD CONSTRAINT `fk_libro_tema_carreras1` FOREIGN KEY (`carreras_idCarrera`) REFERENCES `carreras` (`idCarrera`),
  ADD CONSTRAINT `fk_libro_tema_materias1` FOREIGN KEY (`materias_idMaterias`) REFERENCES `materias` (`idMaterias`),
  ADD CONSTRAINT `fk_libro_tema_profesor1` FOREIGN KEY (`profesor_idProrfesor`) REFERENCES `profesor` (`idProrfesor`);

--
-- Filtros para la tabla `licencia`
--
ALTER TABLE `licencia`
  ADD CONSTRAINT `fk_Licencia_profesor1` FOREIGN KEY (`profesor_idProrfesor`) REFERENCES `profesor` (`idProrfesor`);

--
-- Filtros para la tabla `materias`
--
ALTER TABLE `materias`
  ADD CONSTRAINT `fk_materias_carreras1` FOREIGN KEY (`carreras_idCarrera`) REFERENCES `carreras` (`idCarrera`),
  ADD CONSTRAINT `fk_materias_profesor1` FOREIGN KEY (`profesor_idProrfesor`) REFERENCES `profesor` (`idProrfesor`);

--
-- Filtros para la tabla `preceptores`
--
ALTER TABLE `preceptores`
  ADD CONSTRAINT `fk_preceptores_carreras1` FOREIGN KEY (`carreras_idCarrera`) REFERENCES `carreras` (`idCarrera`),
  ADD CONSTRAINT `fk_preceptores_profesor1` FOREIGN KEY (`profesor_idProrfesor`) REFERENCES `profesor` (`idProrfesor`);
COMMIT;

/*!40101 SET CHARACTER_SET_CLIENT=@OLD_CHARACTER_SET_CLIENT */;
/*!40101 SET CHARACTER_SET_RESULTS=@OLD_CHARACTER_SET_RESULTS */;
/*!40101 SET COLLATION_CONNECTION=@OLD_COLLATION_CONNECTION */;
